ISO-10303-21;
HEADER;
/* Generated by software containing ST-Developer
 * from STEP Tools, Inc. (www.steptools.com) 
 */
/* OPTION: strings as raw bytes, not using required /X/ escapes */

FILE_DESCRIPTION(
/* description */ ('Unknown'),
/* implementation_level */ '2;1');

FILE_NAME(
/* name */ 'IN-P36ATEUW.56',
/* time_stamp */ '2023-04-03T15:45:39+02:00',
/* author */ ('Unknown'),
/* organization */ ('Unknown'),
/* preprocessor_version */ 'ST-DEVELOPER v18.102',
/* originating_system */ 'Solid Edge',
/* authorisation */ 'Unknown');

FILE_SCHEMA (('AUTOMOTIVE_DESIGN {1 0 10303 214 3 1 1}'));
ENDSEC;

DATA;
#10=PROPERTY_DEFINITION_REPRESENTATION(#14,#12);
#11=PROPERTY_DEFINITION_REPRESENTATION(#15,#13);
#12=REPRESENTATION('',(#16),#2422);
#13=REPRESENTATION('',(#17),#2422);
#14=PROPERTY_DEFINITION('pmi validation property','',#2427);
#15=PROPERTY_DEFINITION('pmi validation property','',#2427);
#16=VALUE_REPRESENTATION_ITEM('number of annotations',COUNT_MEASURE(0.));
#17=VALUE_REPRESENTATION_ITEM('number of views',COUNT_MEASURE(0.));
#18=SHAPE_REPRESENTATION_RELATIONSHIP('','',#1704,#19);
#19=ADVANCED_BREP_SHAPE_REPRESENTATION('',(#1702),#2422);
#20=CYLINDRICAL_SURFACE('',#1771,1.28044619065579);
#21=VERTEX_LOOP('',#645);
#22=CIRCLE('',#1768,1.31322179167915);
#23=CIRCLE('',#1770,1.28044619065579);
#24=CIRCLE('',#1772,1.28044619065579);
#25=DEGENERATE_TOROIDAL_SURFACE('',#1767,0.0683524224074798,1.24486936927167,
 .T.);
#26=SURFACE_STYLE_RENDERING_WITH_PROPERTIES(.CONSTANT_SHADING.,#33,(#29));
#27=SURFACE_STYLE_RENDERING_WITH_PROPERTIES(.CONSTANT_SHADING.,#33,(#30));
#28=SURFACE_STYLE_RENDERING_WITH_PROPERTIES(.CONSTANT_SHADING.,#33,(#31));
#29=SURFACE_STYLE_TRANSPARENT(0.5);
#30=SURFACE_STYLE_TRANSPARENT(0.5);
#31=SURFACE_STYLE_TRANSPARENT(0.5);
#32=COLOUR_RGB('',0.699999988079071,0.699999988079071,0.699999988079071);
#33=COLOUR_RGB('',0.444705873727798,0.599117696285248,0.74117648601532);
#34=ORIENTED_EDGE('',*,*,#370,.F.);
#35=ORIENTED_EDGE('',*,*,#371,.T.);
#36=ORIENTED_EDGE('',*,*,#372,.T.);
#37=ORIENTED_EDGE('',*,*,#373,.T.);
#38=ORIENTED_EDGE('',*,*,#374,.T.);
#39=ORIENTED_EDGE('',*,*,#375,.T.);
#40=ORIENTED_EDGE('',*,*,#376,.F.);
#41=ORIENTED_EDGE('',*,*,#377,.F.);
#42=ORIENTED_EDGE('',*,*,#376,.T.);
#43=ORIENTED_EDGE('',*,*,#378,.T.);
#44=ORIENTED_EDGE('',*,*,#370,.T.);
#45=ORIENTED_EDGE('',*,*,#379,.T.);
#46=ORIENTED_EDGE('',*,*,#380,.T.);
#47=ORIENTED_EDGE('',*,*,#381,.T.);
#48=ORIENTED_EDGE('',*,*,#382,.T.);
#49=ORIENTED_EDGE('',*,*,#383,.T.);
#50=ORIENTED_EDGE('',*,*,#384,.F.);
#51=ORIENTED_EDGE('',*,*,#385,.F.);
#52=ORIENTED_EDGE('',*,*,#386,.T.);
#53=ORIENTED_EDGE('',*,*,#387,.T.);
#54=ORIENTED_EDGE('',*,*,#388,.F.);
#55=ORIENTED_EDGE('',*,*,#387,.F.);
#56=ORIENTED_EDGE('',*,*,#389,.T.);
#57=ORIENTED_EDGE('',*,*,#390,.T.);
#58=ORIENTED_EDGE('',*,*,#391,.F.);
#59=ORIENTED_EDGE('',*,*,#390,.F.);
#60=ORIENTED_EDGE('',*,*,#392,.T.);
#61=ORIENTED_EDGE('',*,*,#393,.T.);
#62=ORIENTED_EDGE('',*,*,#394,.T.);
#63=ORIENTED_EDGE('',*,*,#395,.F.);
#64=ORIENTED_EDGE('',*,*,#393,.F.);
#65=ORIENTED_EDGE('',*,*,#396,.T.);
#66=ORIENTED_EDGE('',*,*,#397,.F.);
#67=ORIENTED_EDGE('',*,*,#398,.T.);
#68=ORIENTED_EDGE('',*,*,#399,.T.);
#69=ORIENTED_EDGE('',*,*,#400,.F.);
#70=ORIENTED_EDGE('',*,*,#401,.F.);
#71=ORIENTED_EDGE('',*,*,#399,.F.);
#72=ORIENTED_EDGE('',*,*,#402,.T.);
#73=ORIENTED_EDGE('',*,*,#385,.T.);
#74=ORIENTED_EDGE('',*,*,#403,.F.);
#75=ORIENTED_EDGE('',*,*,#400,.T.);
#76=ORIENTED_EDGE('',*,*,#401,.T.);
#77=ORIENTED_EDGE('',*,*,#384,.T.);
#78=ORIENTED_EDGE('',*,*,#388,.T.);
#79=ORIENTED_EDGE('',*,*,#391,.T.);
#80=ORIENTED_EDGE('',*,*,#395,.T.);
#81=ORIENTED_EDGE('',*,*,#398,.F.);
#82=ORIENTED_EDGE('',*,*,#404,.T.);
#83=ORIENTED_EDGE('',*,*,#396,.F.);
#84=ORIENTED_EDGE('',*,*,#392,.F.);
#85=ORIENTED_EDGE('',*,*,#389,.F.);
#86=ORIENTED_EDGE('',*,*,#386,.F.);
#87=ORIENTED_EDGE('',*,*,#402,.F.);
#88=ORIENTED_EDGE('',*,*,#405,.T.);
#89=ORIENTED_EDGE('',*,*,#406,.T.);
#90=ORIENTED_EDGE('',*,*,#407,.T.);
#91=ORIENTED_EDGE('',*,*,#408,.T.);
#92=ORIENTED_EDGE('',*,*,#409,.T.);
#93=ORIENTED_EDGE('',*,*,#410,.T.);
#94=ORIENTED_EDGE('',*,*,#411,.T.);
#95=ORIENTED_EDGE('',*,*,#412,.F.);
#96=ORIENTED_EDGE('',*,*,#413,.F.);
#97=ORIENTED_EDGE('',*,*,#414,.F.);
#98=ORIENTED_EDGE('',*,*,#415,.F.);
#99=ORIENTED_EDGE('',*,*,#416,.F.);
#100=ORIENTED_EDGE('',*,*,#417,.F.);
#101=ORIENTED_EDGE('',*,*,#418,.F.);
#102=ORIENTED_EDGE('',*,*,#413,.T.);
#103=ORIENTED_EDGE('',*,*,#419,.F.);
#104=ORIENTED_EDGE('',*,*,#405,.F.);
#105=ORIENTED_EDGE('',*,*,#420,.T.);
#106=ORIENTED_EDGE('',*,*,#414,.T.);
#107=ORIENTED_EDGE('',*,*,#420,.F.);
#108=ORIENTED_EDGE('',*,*,#411,.F.);
#109=ORIENTED_EDGE('',*,*,#421,.T.);
#110=ORIENTED_EDGE('',*,*,#415,.T.);
#111=ORIENTED_EDGE('',*,*,#421,.F.);
#112=ORIENTED_EDGE('',*,*,#410,.F.);
#113=ORIENTED_EDGE('',*,*,#422,.T.);
#114=ORIENTED_EDGE('',*,*,#416,.T.);
#115=ORIENTED_EDGE('',*,*,#422,.F.);
#116=ORIENTED_EDGE('',*,*,#409,.F.);
#117=ORIENTED_EDGE('',*,*,#423,.T.);
#118=ORIENTED_EDGE('',*,*,#417,.T.);
#119=ORIENTED_EDGE('',*,*,#423,.F.);
#120=ORIENTED_EDGE('',*,*,#408,.F.);
#121=ORIENTED_EDGE('',*,*,#424,.T.);
#122=ORIENTED_EDGE('',*,*,#407,.F.);
#123=ORIENTED_EDGE('',*,*,#425,.T.);
#124=ORIENTED_EDGE('',*,*,#418,.T.);
#125=ORIENTED_EDGE('',*,*,#424,.F.);
#126=ORIENTED_EDGE('',*,*,#406,.F.);
#127=ORIENTED_EDGE('',*,*,#426,.F.);
#128=ORIENTED_EDGE('',*,*,#427,.F.);
#129=ORIENTED_EDGE('',*,*,#428,.T.);
#130=ORIENTED_EDGE('',*,*,#429,.T.);
#131=ORIENTED_EDGE('',*,*,#430,.F.);
#132=ORIENTED_EDGE('',*,*,#431,.T.);
#133=ORIENTED_EDGE('',*,*,#432,.F.);
#134=ORIENTED_EDGE('',*,*,#433,.F.);
#135=ORIENTED_EDGE('',*,*,#434,.F.);
#136=ORIENTED_EDGE('',*,*,#412,.T.);
#137=ORIENTED_EDGE('',*,*,#425,.F.);
#138=ORIENTED_EDGE('',*,*,#431,.F.);
#139=ORIENTED_EDGE('',*,*,#435,.F.);
#140=ORIENTED_EDGE('',*,*,#436,.F.);
#141=ORIENTED_EDGE('',*,*,#437,.F.);
#142=ORIENTED_EDGE('',*,*,#438,.F.);
#143=ORIENTED_EDGE('',*,*,#439,.F.);
#144=ORIENTED_EDGE('',*,*,#440,.F.);
#145=ORIENTED_EDGE('',*,*,#436,.T.);
#146=ORIENTED_EDGE('',*,*,#441,.F.);
#147=ORIENTED_EDGE('',*,*,#442,.F.);
#148=ORIENTED_EDGE('',*,*,#443,.T.);
#149=ORIENTED_EDGE('',*,*,#437,.T.);
#150=ORIENTED_EDGE('',*,*,#443,.F.);
#151=ORIENTED_EDGE('',*,*,#444,.F.);
#152=ORIENTED_EDGE('',*,*,#445,.T.);
#153=ORIENTED_EDGE('',*,*,#438,.T.);
#154=ORIENTED_EDGE('',*,*,#445,.F.);
#155=ORIENTED_EDGE('',*,*,#446,.F.);
#156=ORIENTED_EDGE('',*,*,#447,.T.);
#157=ORIENTED_EDGE('',*,*,#439,.T.);
#158=ORIENTED_EDGE('',*,*,#447,.F.);
#159=ORIENTED_EDGE('',*,*,#448,.F.);
#160=ORIENTED_EDGE('',*,*,#449,.T.);
#161=ORIENTED_EDGE('',*,*,#450,.F.);
#162=ORIENTED_EDGE('',*,*,#432,.T.);
#163=ORIENTED_EDGE('',*,*,#440,.T.);
#164=ORIENTED_EDGE('',*,*,#449,.F.);
#165=ORIENTED_EDGE('',*,*,#435,.T.);
#166=ORIENTED_EDGE('',*,*,#451,.F.);
#167=ORIENTED_EDGE('',*,*,#452,.F.);
#168=ORIENTED_EDGE('',*,*,#441,.T.);
#169=ORIENTED_EDGE('',*,*,#452,.T.);
#170=ORIENTED_EDGE('',*,*,#433,.T.);
#171=ORIENTED_EDGE('',*,*,#450,.T.);
#172=ORIENTED_EDGE('',*,*,#448,.T.);
#173=ORIENTED_EDGE('',*,*,#446,.T.);
#174=ORIENTED_EDGE('',*,*,#444,.T.);
#175=ORIENTED_EDGE('',*,*,#442,.T.);
#176=ORIENTED_EDGE('',*,*,#453,.F.);
#177=ORIENTED_EDGE('',*,*,#454,.T.);
#178=ORIENTED_EDGE('',*,*,#455,.T.);
#179=ORIENTED_EDGE('',*,*,#456,.T.);
#180=ORIENTED_EDGE('',*,*,#457,.T.);
#181=ORIENTED_EDGE('',*,*,#458,.T.);
#182=ORIENTED_EDGE('',*,*,#459,.T.);
#183=ORIENTED_EDGE('',*,*,#455,.F.);
#184=ORIENTED_EDGE('',*,*,#460,.F.);
#185=ORIENTED_EDGE('',*,*,#461,.T.);
#186=ORIENTED_EDGE('',*,*,#462,.T.);
#187=ORIENTED_EDGE('',*,*,#456,.F.);
#188=ORIENTED_EDGE('',*,*,#462,.F.);
#189=ORIENTED_EDGE('',*,*,#463,.T.);
#190=ORIENTED_EDGE('',*,*,#464,.T.);
#191=ORIENTED_EDGE('',*,*,#457,.F.);
#192=ORIENTED_EDGE('',*,*,#464,.F.);
#193=ORIENTED_EDGE('',*,*,#465,.T.);
#194=ORIENTED_EDGE('',*,*,#466,.T.);
#195=ORIENTED_EDGE('',*,*,#458,.F.);
#196=ORIENTED_EDGE('',*,*,#466,.F.);
#197=ORIENTED_EDGE('',*,*,#467,.T.);
#198=ORIENTED_EDGE('',*,*,#468,.T.);
#199=ORIENTED_EDGE('',*,*,#469,.T.);
#200=ORIENTED_EDGE('',*,*,#459,.F.);
#201=ORIENTED_EDGE('',*,*,#468,.F.);
#202=ORIENTED_EDGE('',*,*,#470,.T.);
#203=ORIENTED_EDGE('',*,*,#471,.F.);
#204=ORIENTED_EDGE('',*,*,#472,.T.);
#205=ORIENTED_EDGE('',*,*,#460,.T.);
#206=ORIENTED_EDGE('',*,*,#454,.F.);
#207=ORIENTED_EDGE('',*,*,#472,.F.);
#208=ORIENTED_EDGE('',*,*,#473,.T.);
#209=ORIENTED_EDGE('',*,*,#470,.F.);
#210=ORIENTED_EDGE('',*,*,#467,.F.);
#211=ORIENTED_EDGE('',*,*,#465,.F.);
#212=ORIENTED_EDGE('',*,*,#463,.F.);
#213=ORIENTED_EDGE('',*,*,#461,.F.);
#214=ORIENTED_EDGE('',*,*,#397,.T.);
#215=ORIENTED_EDGE('',*,*,#403,.T.);
#216=ORIENTED_EDGE('',*,*,#474,.T.);
#217=ORIENTED_EDGE('',*,*,#473,.F.);
#218=ORIENTED_EDGE('',*,*,#471,.T.);
#219=ORIENTED_EDGE('',*,*,#453,.T.);
#220=ORIENTED_EDGE('',*,*,#475,.T.);
#221=ORIENTED_EDGE('',*,*,#476,.T.);
#222=ORIENTED_EDGE('',*,*,#477,.F.);
#223=ORIENTED_EDGE('',*,*,#478,.F.);
#224=ORIENTED_EDGE('',*,*,#479,.T.);
#225=ORIENTED_EDGE('',*,*,#404,.F.);
#226=ORIENTED_EDGE('',*,*,#480,.F.);
#227=ORIENTED_EDGE('',*,*,#481,.T.);
#228=ORIENTED_EDGE('',*,*,#482,.T.);
#229=ORIENTED_EDGE('',*,*,#380,.F.);
#230=ORIENTED_EDGE('',*,*,#482,.F.);
#231=ORIENTED_EDGE('',*,*,#483,.T.);
#232=ORIENTED_EDGE('',*,*,#484,.T.);
#233=ORIENTED_EDGE('',*,*,#381,.F.);
#234=ORIENTED_EDGE('',*,*,#484,.F.);
#235=ORIENTED_EDGE('',*,*,#485,.T.);
#236=ORIENTED_EDGE('',*,*,#486,.T.);
#237=ORIENTED_EDGE('',*,*,#382,.F.);
#238=ORIENTED_EDGE('',*,*,#379,.F.);
#239=ORIENTED_EDGE('',*,*,#373,.F.);
#240=ORIENTED_EDGE('',*,*,#487,.T.);
#241=ORIENTED_EDGE('',*,*,#488,.T.);
#242=ORIENTED_EDGE('',*,*,#489,.T.);
#243=ORIENTED_EDGE('',*,*,#480,.T.);
#244=ORIENTED_EDGE('',*,*,#490,.F.);
#245=ORIENTED_EDGE('',*,*,#488,.F.);
#246=ORIENTED_EDGE('',*,*,#491,.T.);
#247=ORIENTED_EDGE('',*,*,#492,.T.);
#248=ORIENTED_EDGE('',*,*,#493,.F.);
#249=ORIENTED_EDGE('',*,*,#492,.F.);
#250=ORIENTED_EDGE('',*,*,#494,.T.);
#251=ORIENTED_EDGE('',*,*,#495,.T.);
#252=ORIENTED_EDGE('',*,*,#496,.F.);
#253=ORIENTED_EDGE('',*,*,#495,.F.);
#254=ORIENTED_EDGE('',*,*,#497,.T.);
#255=ORIENTED_EDGE('',*,*,#498,.T.);
#256=ORIENTED_EDGE('',*,*,#383,.F.);
#257=ORIENTED_EDGE('',*,*,#486,.F.);
#258=ORIENTED_EDGE('',*,*,#499,.F.);
#259=ORIENTED_EDGE('',*,*,#498,.F.);
#260=ORIENTED_EDGE('',*,*,#500,.T.);
#261=ORIENTED_EDGE('',*,*,#377,.T.);
#262=ORIENTED_EDGE('',*,*,#372,.F.);
#263=ORIENTED_EDGE('',*,*,#501,.T.);
#264=ORIENTED_EDGE('',*,*,#374,.F.);
#265=ORIENTED_EDGE('',*,*,#500,.F.);
#266=ORIENTED_EDGE('',*,*,#497,.F.);
#267=ORIENTED_EDGE('',*,*,#494,.F.);
#268=ORIENTED_EDGE('',*,*,#491,.F.);
#269=ORIENTED_EDGE('',*,*,#487,.F.);
#270=ORIENTED_EDGE('',*,*,#502,.F.);
#271=ORIENTED_EDGE('',*,*,#499,.T.);
#272=ORIENTED_EDGE('',*,*,#503,.T.);
#273=ORIENTED_EDGE('',*,*,#475,.F.);
#274=ORIENTED_EDGE('',*,*,#469,.F.);
#275=ORIENTED_EDGE('',*,*,#474,.F.);
#276=ORIENTED_EDGE('',*,*,#394,.F.);
#277=ORIENTED_EDGE('',*,*,#479,.F.);
#278=ORIENTED_EDGE('',*,*,#489,.F.);
#279=ORIENTED_EDGE('',*,*,#504,.F.);
#280=ORIENTED_EDGE('',*,*,#426,.T.);
#281=ORIENTED_EDGE('',*,*,#419,.T.);
#282=ORIENTED_EDGE('',*,*,#434,.T.);
#283=ORIENTED_EDGE('',*,*,#451,.T.);
#284=ORIENTED_EDGE('',*,*,#430,.T.);
#285=ORIENTED_EDGE('',*,*,#505,.T.);
#286=ORIENTED_EDGE('',*,*,#506,.T.);
#287=ORIENTED_EDGE('',*,*,#507,.F.);
#288=ORIENTED_EDGE('',*,*,#508,.F.);
#289=ORIENTED_EDGE('',*,*,#477,.T.);
#290=ORIENTED_EDGE('',*,*,#509,.T.);
#291=ORIENTED_EDGE('',*,*,#510,.F.);
#292=ORIENTED_EDGE('',*,*,#511,.F.);
#293=ORIENTED_EDGE('',*,*,#507,.T.);
#294=ORIENTED_EDGE('',*,*,#512,.T.);
#295=ORIENTED_EDGE('',*,*,#513,.F.);
#296=ORIENTED_EDGE('',*,*,#514,.F.);
#297=ORIENTED_EDGE('',*,*,#510,.T.);
#298=ORIENTED_EDGE('',*,*,#515,.T.);
#299=ORIENTED_EDGE('',*,*,#516,.F.);
#300=ORIENTED_EDGE('',*,*,#517,.F.);
#301=ORIENTED_EDGE('',*,*,#513,.T.);
#302=ORIENTED_EDGE('',*,*,#518,.T.);
#303=ORIENTED_EDGE('',*,*,#428,.F.);
#304=ORIENTED_EDGE('',*,*,#519,.F.);
#305=ORIENTED_EDGE('',*,*,#516,.T.);
#306=ORIENTED_EDGE('',*,*,#427,.T.);
#307=ORIENTED_EDGE('',*,*,#504,.T.);
#308=ORIENTED_EDGE('',*,*,#490,.T.);
#309=ORIENTED_EDGE('',*,*,#493,.T.);
#310=ORIENTED_EDGE('',*,*,#496,.T.);
#311=ORIENTED_EDGE('',*,*,#502,.T.);
#312=ORIENTED_EDGE('',*,*,#478,.T.);
#313=ORIENTED_EDGE('',*,*,#508,.T.);
#314=ORIENTED_EDGE('',*,*,#511,.T.);
#315=ORIENTED_EDGE('',*,*,#514,.T.);
#316=ORIENTED_EDGE('',*,*,#517,.T.);
#317=ORIENTED_EDGE('',*,*,#519,.T.);
#318=ORIENTED_EDGE('',*,*,#429,.F.);
#319=ORIENTED_EDGE('',*,*,#518,.F.);
#320=ORIENTED_EDGE('',*,*,#515,.F.);
#321=ORIENTED_EDGE('',*,*,#512,.F.);
#322=ORIENTED_EDGE('',*,*,#509,.F.);
#323=ORIENTED_EDGE('',*,*,#506,.F.);
#324=ORIENTED_EDGE('',*,*,#476,.F.);
#325=ORIENTED_EDGE('',*,*,#503,.F.);
#326=ORIENTED_EDGE('',*,*,#485,.F.);
#327=ORIENTED_EDGE('',*,*,#483,.F.);
#328=ORIENTED_EDGE('',*,*,#481,.F.);
#329=ORIENTED_EDGE('',*,*,#505,.F.);
#330=ORIENTED_EDGE('',*,*,#520,.T.);
#331=ORIENTED_EDGE('',*,*,#521,.F.);
#332=ORIENTED_EDGE('',*,*,#522,.F.);
#333=ORIENTED_EDGE('',*,*,#523,.F.);
#334=ORIENTED_EDGE('',*,*,#522,.T.);
#335=ORIENTED_EDGE('',*,*,#524,.F.);
#336=ORIENTED_EDGE('',*,*,#525,.F.);
#337=ORIENTED_EDGE('',*,*,#526,.F.);
#338=ORIENTED_EDGE('',*,*,#525,.T.);
#339=ORIENTED_EDGE('',*,*,#527,.F.);
#340=ORIENTED_EDGE('',*,*,#528,.F.);
#341=ORIENTED_EDGE('',*,*,#529,.F.);
#342=ORIENTED_EDGE('',*,*,#528,.T.);
#343=ORIENTED_EDGE('',*,*,#530,.F.);
#344=ORIENTED_EDGE('',*,*,#531,.F.);
#345=ORIENTED_EDGE('',*,*,#532,.F.);
#346=ORIENTED_EDGE('',*,*,#531,.T.);
#347=ORIENTED_EDGE('',*,*,#533,.F.);
#348=ORIENTED_EDGE('',*,*,#520,.F.);
#349=ORIENTED_EDGE('',*,*,#534,.F.);
#350=ORIENTED_EDGE('',*,*,#521,.T.);
#351=ORIENTED_EDGE('',*,*,#533,.T.);
#352=ORIENTED_EDGE('',*,*,#530,.T.);
#353=ORIENTED_EDGE('',*,*,#527,.T.);
#354=ORIENTED_EDGE('',*,*,#524,.T.);
#355=ORIENTED_EDGE('',*,*,#501,.F.);
#356=ORIENTED_EDGE('',*,*,#371,.F.);
#357=ORIENTED_EDGE('',*,*,#378,.F.);
#358=ORIENTED_EDGE('',*,*,#375,.F.);
#359=ORIENTED_EDGE('',*,*,#535,.T.);
#360=ORIENTED_EDGE('',*,*,#536,.T.);
#361=ORIENTED_EDGE('',*,*,#535,.F.);
#362=ORIENTED_EDGE('',*,*,#537,.T.);
#363=ORIENTED_EDGE('',*,*,#536,.F.);
#364=ORIENTED_EDGE('',*,*,#537,.F.);
#365=ORIENTED_EDGE('',*,*,#534,.T.);
#366=ORIENTED_EDGE('',*,*,#523,.T.);
#367=ORIENTED_EDGE('',*,*,#526,.T.);
#368=ORIENTED_EDGE('',*,*,#529,.T.);
#369=ORIENTED_EDGE('',*,*,#532,.T.);
#370=EDGE_CURVE('',#538,#539,#648,.T.);
#371=EDGE_CURVE('',#538,#540,#649,.T.);
#372=EDGE_CURVE('',#540,#541,#650,.T.);
#373=EDGE_CURVE('',#541,#539,#651,.T.);
#374=EDGE_CURVE('',#542,#543,#652,.T.);
#375=EDGE_CURVE('',#543,#544,#653,.T.);
#376=EDGE_CURVE('',#545,#544,#654,.T.);
#377=EDGE_CURVE('',#542,#545,#655,.T.);
#378=EDGE_CURVE('',#544,#538,#656,.T.);
#379=EDGE_CURVE('',#539,#546,#657,.T.);
#380=EDGE_CURVE('',#546,#547,#658,.T.);
#381=EDGE_CURVE('',#547,#548,#659,.T.);
#382=EDGE_CURVE('',#548,#549,#660,.T.);
#383=EDGE_CURVE('',#549,#545,#661,.T.);
#384=EDGE_CURVE('',#550,#551,#662,.T.);
#385=EDGE_CURVE('',#552,#550,#663,.T.);
#386=EDGE_CURVE('',#552,#553,#664,.T.);
#387=EDGE_CURVE('',#553,#551,#665,.T.);
#388=EDGE_CURVE('',#551,#554,#666,.T.);
#389=EDGE_CURVE('',#553,#555,#667,.T.);
#390=EDGE_CURVE('',#555,#554,#668,.T.);
#391=EDGE_CURVE('',#554,#556,#669,.T.);
#392=EDGE_CURVE('',#555,#557,#670,.T.);
#393=EDGE_CURVE('',#557,#556,#671,.T.);
#394=EDGE_CURVE('',#558,#559,#672,.T.);
#395=EDGE_CURVE('',#556,#559,#673,.T.);
#396=EDGE_CURVE('',#557,#558,#674,.T.);
#397=EDGE_CURVE('',#560,#561,#675,.T.);
#398=EDGE_CURVE('',#560,#562,#676,.T.);
#399=EDGE_CURVE('',#562,#563,#677,.T.);
#400=EDGE_CURVE('',#561,#563,#678,.T.);
#401=EDGE_CURVE('',#563,#550,#679,.T.);
#402=EDGE_CURVE('',#562,#552,#680,.T.);
#403=EDGE_CURVE('',#561,#559,#681,.T.);
#404=EDGE_CURVE('',#560,#558,#682,.T.);
#405=EDGE_CURVE('',#564,#565,#683,.T.);
#406=EDGE_CURVE('',#565,#566,#684,.T.);
#407=EDGE_CURVE('',#566,#567,#685,.T.);
#408=EDGE_CURVE('',#567,#568,#686,.T.);
#409=EDGE_CURVE('',#568,#569,#687,.T.);
#410=EDGE_CURVE('',#569,#570,#688,.T.);
#411=EDGE_CURVE('',#570,#564,#689,.T.);
#412=EDGE_CURVE('',#571,#572,#690,.T.);
#413=EDGE_CURVE('',#573,#571,#691,.T.);
#414=EDGE_CURVE('',#574,#573,#692,.T.);
#415=EDGE_CURVE('',#575,#574,#693,.T.);
#416=EDGE_CURVE('',#576,#575,#694,.T.);
#417=EDGE_CURVE('',#577,#576,#695,.T.);
#418=EDGE_CURVE('',#572,#577,#696,.T.);
#419=EDGE_CURVE('',#565,#571,#697,.T.);
#420=EDGE_CURVE('',#564,#573,#698,.T.);
#421=EDGE_CURVE('',#570,#574,#699,.T.);
#422=EDGE_CURVE('',#569,#575,#700,.T.);
#423=EDGE_CURVE('',#568,#576,#701,.T.);
#424=EDGE_CURVE('',#567,#577,#702,.T.);
#425=EDGE_CURVE('',#566,#572,#703,.T.);
#426=EDGE_CURVE('',#578,#565,#704,.T.);
#427=EDGE_CURVE('',#579,#578,#705,.T.);
#428=EDGE_CURVE('',#579,#580,#706,.T.);
#429=EDGE_CURVE('',#580,#581,#707,.T.);
#430=EDGE_CURVE('',#582,#581,#708,.T.);
#431=EDGE_CURVE('',#582,#583,#709,.T.);
#432=EDGE_CURVE('',#584,#583,#710,.T.);
#433=EDGE_CURVE('',#585,#584,#711,.T.);
#434=EDGE_CURVE('',#571,#585,#712,.T.);
#435=EDGE_CURVE('',#586,#582,#713,.T.);
#436=EDGE_CURVE('',#587,#586,#714,.T.);
#437=EDGE_CURVE('',#588,#587,#715,.T.);
#438=EDGE_CURVE('',#589,#588,#716,.T.);
#439=EDGE_CURVE('',#590,#589,#717,.T.);
#440=EDGE_CURVE('',#583,#590,#718,.T.);
#441=EDGE_CURVE('',#591,#586,#719,.T.);
#442=EDGE_CURVE('',#592,#591,#720,.T.);
#443=EDGE_CURVE('',#592,#587,#721,.T.);
#444=EDGE_CURVE('',#593,#592,#722,.T.);
#445=EDGE_CURVE('',#593,#588,#723,.T.);
#446=EDGE_CURVE('',#594,#593,#724,.T.);
#447=EDGE_CURVE('',#594,#589,#725,.T.);
#448=EDGE_CURVE('',#595,#594,#726,.T.);
#449=EDGE_CURVE('',#595,#590,#727,.T.);
#450=EDGE_CURVE('',#584,#595,#728,.T.);
#451=EDGE_CURVE('',#585,#582,#729,.T.);
#452=EDGE_CURVE('',#591,#585,#730,.T.);
#453=EDGE_CURVE('',#596,#597,#731,.T.);
#454=EDGE_CURVE('',#596,#598,#732,.T.);
#455=EDGE_CURVE('',#598,#599,#733,.T.);
#456=EDGE_CURVE('',#599,#600,#734,.T.);
#457=EDGE_CURVE('',#600,#601,#735,.T.);
#458=EDGE_CURVE('',#601,#602,#736,.T.);
#459=EDGE_CURVE('',#602,#597,#737,.T.);
#460=EDGE_CURVE('',#603,#598,#738,.T.);
#461=EDGE_CURVE('',#603,#604,#739,.T.);
#462=EDGE_CURVE('',#604,#599,#740,.T.);
#463=EDGE_CURVE('',#604,#605,#741,.T.);
#464=EDGE_CURVE('',#605,#600,#742,.T.);
#465=EDGE_CURVE('',#605,#606,#743,.T.);
#466=EDGE_CURVE('',#606,#601,#744,.T.);
#467=EDGE_CURVE('',#606,#607,#745,.T.);
#468=EDGE_CURVE('',#607,#602,#746,.T.);
#469=EDGE_CURVE('',#608,#597,#747,.T.);
#470=EDGE_CURVE('',#607,#608,#748,.T.);
#471=EDGE_CURVE('',#609,#596,#749,.T.);
#472=EDGE_CURVE('',#609,#603,#750,.T.);
#473=EDGE_CURVE('',#609,#608,#751,.T.);
#474=EDGE_CURVE('',#559,#608,#752,.T.);
#475=EDGE_CURVE('',#597,#610,#753,.T.);
#476=EDGE_CURVE('',#610,#611,#754,.T.);
#477=EDGE_CURVE('',#612,#611,#755,.T.);
#478=EDGE_CURVE('',#613,#612,#756,.T.);
#479=EDGE_CURVE('',#613,#558,#757,.T.);
#480=EDGE_CURVE('',#614,#546,#758,.T.);
#481=EDGE_CURVE('',#614,#615,#759,.T.);
#482=EDGE_CURVE('',#615,#547,#760,.T.);
#483=EDGE_CURVE('',#615,#616,#761,.T.);
#484=EDGE_CURVE('',#616,#548,#762,.T.);
#485=EDGE_CURVE('',#616,#617,#763,.T.);
#486=EDGE_CURVE('',#617,#549,#764,.T.);
#487=EDGE_CURVE('',#541,#618,#765,.T.);
#488=EDGE_CURVE('',#618,#619,#766,.T.);
#489=EDGE_CURVE('',#619,#614,#767,.T.);
#490=EDGE_CURVE('',#619,#620,#768,.T.);
#491=EDGE_CURVE('',#618,#621,#769,.T.);
#492=EDGE_CURVE('',#621,#620,#770,.T.);
#493=EDGE_CURVE('',#620,#622,#771,.T.);
#494=EDGE_CURVE('',#621,#623,#772,.T.);
#495=EDGE_CURVE('',#623,#622,#773,.T.);
#496=EDGE_CURVE('',#622,#624,#774,.T.);
#497=EDGE_CURVE('',#623,#625,#775,.T.);
#498=EDGE_CURVE('',#625,#624,#776,.T.);
#499=EDGE_CURVE('',#624,#617,#777,.T.);
#500=EDGE_CURVE('',#625,#542,#778,.T.);
#501=EDGE_CURVE('',#540,#543,#779,.T.);
#502=EDGE_CURVE('',#624,#613,#780,.T.);
#503=EDGE_CURVE('',#617,#610,#781,.T.);
#504=EDGE_CURVE('',#578,#619,#782,.T.);
#505=EDGE_CURVE('',#581,#614,#783,.T.);
#506=EDGE_CURVE('',#611,#626,#784,.T.);
#507=EDGE_CURVE('',#627,#626,#785,.T.);
#508=EDGE_CURVE('',#612,#627,#786,.T.);
#509=EDGE_CURVE('',#626,#628,#787,.T.);
#510=EDGE_CURVE('',#629,#628,#788,.T.);
#511=EDGE_CURVE('',#627,#629,#789,.T.);
#512=EDGE_CURVE('',#628,#630,#790,.T.);
#513=EDGE_CURVE('',#631,#630,#791,.T.);
#514=EDGE_CURVE('',#629,#631,#792,.T.);
#515=EDGE_CURVE('',#630,#632,#793,.T.);
#516=EDGE_CURVE('',#633,#632,#794,.T.);
#517=EDGE_CURVE('',#631,#633,#795,.T.);
#518=EDGE_CURVE('',#632,#580,#796,.T.);
#519=EDGE_CURVE('',#633,#579,#797,.T.);
#520=EDGE_CURVE('',#634,#635,#798,.T.);
#521=EDGE_CURVE('',#636,#635,#799,.T.);
#522=EDGE_CURVE('',#637,#636,#800,.T.);
#523=EDGE_CURVE('',#634,#637,#801,.T.);
#524=EDGE_CURVE('',#638,#636,#802,.T.);
#525=EDGE_CURVE('',#639,#638,#803,.T.);
#526=EDGE_CURVE('',#637,#639,#804,.T.);
#527=EDGE_CURVE('',#640,#638,#805,.T.);
#528=EDGE_CURVE('',#641,#640,#806,.T.);
#529=EDGE_CURVE('',#639,#641,#807,.T.);
#530=EDGE_CURVE('',#642,#640,#808,.T.);
#531=EDGE_CURVE('',#643,#642,#809,.T.);
#532=EDGE_CURVE('',#641,#643,#810,.T.);
#533=EDGE_CURVE('',#635,#642,#811,.T.);
#534=EDGE_CURVE('',#643,#634,#812,.T.);
#535=EDGE_CURVE('',#644,#644,#22,.T.);
#536=EDGE_CURVE('',#646,#646,#23,.T.);
#537=EDGE_CURVE('',#647,#647,#24,.T.);
#538=VERTEX_POINT('',#2080);
#539=VERTEX_POINT('',#2081);
#540=VERTEX_POINT('',#2083);
#541=VERTEX_POINT('',#2085);
#542=VERTEX_POINT('',#2089);
#543=VERTEX_POINT('',#2090);
#544=VERTEX_POINT('',#2092);
#545=VERTEX_POINT('',#2094);
#546=VERTEX_POINT('',#2099);
#547=VERTEX_POINT('',#2101);
#548=VERTEX_POINT('',#2103);
#549=VERTEX_POINT('',#2105);
#550=VERTEX_POINT('',#2109);
#551=VERTEX_POINT('',#2110);
#552=VERTEX_POINT('',#2112);
#553=VERTEX_POINT('',#2114);
#554=VERTEX_POINT('',#2118);
#555=VERTEX_POINT('',#2120);
#556=VERTEX_POINT('',#2124);
#557=VERTEX_POINT('',#2126);
#558=VERTEX_POINT('',#2130);
#559=VERTEX_POINT('',#2131);
#560=VERTEX_POINT('',#2136);
#561=VERTEX_POINT('',#2137);
#562=VERTEX_POINT('',#2139);
#563=VERTEX_POINT('',#2141);
#564=VERTEX_POINT('',#2152);
#565=VERTEX_POINT('',#2153);
#566=VERTEX_POINT('',#2155);
#567=VERTEX_POINT('',#2157);
#568=VERTEX_POINT('',#2159);
#569=VERTEX_POINT('',#2161);
#570=VERTEX_POINT('',#2163);
#571=VERTEX_POINT('',#2167);
#572=VERTEX_POINT('',#2168);
#573=VERTEX_POINT('',#2170);
#574=VERTEX_POINT('',#2172);
#575=VERTEX_POINT('',#2174);
#576=VERTEX_POINT('',#2176);
#577=VERTEX_POINT('',#2178);
#578=VERTEX_POINT('',#2195);
#579=VERTEX_POINT('',#2197);
#580=VERTEX_POINT('',#2199);
#581=VERTEX_POINT('',#2201);
#582=VERTEX_POINT('',#2203);
#583=VERTEX_POINT('',#2205);
#584=VERTEX_POINT('',#2207);
#585=VERTEX_POINT('',#2209);
#586=VERTEX_POINT('',#2213);
#587=VERTEX_POINT('',#2215);
#588=VERTEX_POINT('',#2217);
#589=VERTEX_POINT('',#2219);
#590=VERTEX_POINT('',#2221);
#591=VERTEX_POINT('',#2225);
#592=VERTEX_POINT('',#2227);
#593=VERTEX_POINT('',#2231);
#594=VERTEX_POINT('',#2235);
#595=VERTEX_POINT('',#2239);
#596=VERTEX_POINT('',#2249);
#597=VERTEX_POINT('',#2250);
#598=VERTEX_POINT('',#2252);
#599=VERTEX_POINT('',#2254);
#600=VERTEX_POINT('',#2256);
#601=VERTEX_POINT('',#2258);
#602=VERTEX_POINT('',#2260);
#603=VERTEX_POINT('',#2264);
#604=VERTEX_POINT('',#2266);
#605=VERTEX_POINT('',#2270);
#606=VERTEX_POINT('',#2274);
#607=VERTEX_POINT('',#2278);
#608=VERTEX_POINT('',#2282);
#609=VERTEX_POINT('',#2286);
#610=VERTEX_POINT('',#2293);
#611=VERTEX_POINT('',#2295);
#612=VERTEX_POINT('',#2297);
#613=VERTEX_POINT('',#2299);
#614=VERTEX_POINT('',#2303);
#615=VERTEX_POINT('',#2305);
#616=VERTEX_POINT('',#2309);
#617=VERTEX_POINT('',#2313);
#618=VERTEX_POINT('',#2317);
#619=VERTEX_POINT('',#2319);
#620=VERTEX_POINT('',#2323);
#621=VERTEX_POINT('',#2325);
#622=VERTEX_POINT('',#2329);
#623=VERTEX_POINT('',#2331);
#624=VERTEX_POINT('',#2335);
#625=VERTEX_POINT('',#2337);
#626=VERTEX_POINT('',#2352);
#627=VERTEX_POINT('',#2354);
#628=VERTEX_POINT('',#2358);
#629=VERTEX_POINT('',#2360);
#630=VERTEX_POINT('',#2364);
#631=VERTEX_POINT('',#2366);
#632=VERTEX_POINT('',#2370);
#633=VERTEX_POINT('',#2372);
#634=VERTEX_POINT('',#2381);
#635=VERTEX_POINT('',#2382);
#636=VERTEX_POINT('',#2384);
#637=VERTEX_POINT('',#2386);
#638=VERTEX_POINT('',#2390);
#639=VERTEX_POINT('',#2392);
#640=VERTEX_POINT('',#2396);
#641=VERTEX_POINT('',#2398);
#642=VERTEX_POINT('',#2402);
#643=VERTEX_POINT('',#2404);
#644=VERTEX_POINT('',#2412);
#645=VERTEX_POINT('',#2413);
#646=VERTEX_POINT('',#2416);
#647=VERTEX_POINT('',#2419);
#648=LINE('',#2079,#813);
#649=LINE('',#2082,#814);
#650=LINE('',#2084,#815);
#651=LINE('',#2086,#816);
#652=LINE('',#2088,#817);
#653=LINE('',#2091,#818);
#654=LINE('',#2093,#819);
#655=LINE('',#2095,#820);
#656=LINE('',#2097,#821);
#657=LINE('',#2098,#822);
#658=LINE('',#2100,#823);
#659=LINE('',#2102,#824);
#660=LINE('',#2104,#825);
#661=LINE('',#2106,#826);
#662=LINE('',#2108,#827);
#663=LINE('',#2111,#828);
#664=LINE('',#2113,#829);
#665=LINE('',#2115,#830);
#666=LINE('',#2117,#831);
#667=LINE('',#2119,#832);
#668=LINE('',#2121,#833);
#669=LINE('',#2123,#834);
#670=LINE('',#2125,#835);
#671=LINE('',#2127,#836);
#672=LINE('',#2129,#837);
#673=LINE('',#2132,#838);
#674=LINE('',#2133,#839);
#675=LINE('',#2135,#840);
#676=LINE('',#2138,#841);
#677=LINE('',#2140,#842);
#678=LINE('',#2142,#843);
#679=LINE('',#2144,#844);
#680=LINE('',#2145,#845);
#681=LINE('',#2147,#846);
#682=LINE('',#2149,#847);
#683=LINE('',#2151,#848);
#684=LINE('',#2154,#849);
#685=LINE('',#2156,#850);
#686=LINE('',#2158,#851);
#687=LINE('',#2160,#852);
#688=LINE('',#2162,#853);
#689=LINE('',#2164,#854);
#690=LINE('',#2166,#855);
#691=LINE('',#2169,#856);
#692=LINE('',#2171,#857);
#693=LINE('',#2173,#858);
#694=LINE('',#2175,#859);
#695=LINE('',#2177,#860);
#696=LINE('',#2179,#861);
#697=LINE('',#2181,#862);
#698=LINE('',#2182,#863);
#699=LINE('',#2184,#864);
#700=LINE('',#2186,#865);
#701=LINE('',#2188,#866);
#702=LINE('',#2190,#867);
#703=LINE('',#2192,#868);
#704=LINE('',#2194,#869);
#705=LINE('',#2196,#870);
#706=LINE('',#2198,#871);
#707=LINE('',#2200,#872);
#708=LINE('',#2202,#873);
#709=LINE('',#2204,#874);
#710=LINE('',#2206,#875);
#711=LINE('',#2208,#876);
#712=LINE('',#2210,#877);
#713=LINE('',#2212,#878);
#714=LINE('',#2214,#879);
#715=LINE('',#2216,#880);
#716=LINE('',#2218,#881);
#717=LINE('',#2220,#882);
#718=LINE('',#2222,#883);
#719=LINE('',#2224,#884);
#720=LINE('',#2226,#885);
#721=LINE('',#2228,#886);
#722=LINE('',#2230,#887);
#723=LINE('',#2232,#888);
#724=LINE('',#2234,#889);
#725=LINE('',#2236,#890);
#726=LINE('',#2238,#891);
#727=LINE('',#2240,#892);
#728=LINE('',#2242,#893);
#729=LINE('',#2244,#894);
#730=LINE('',#2245,#895);
#731=LINE('',#2248,#896);
#732=LINE('',#2251,#897);
#733=LINE('',#2253,#898);
#734=LINE('',#2255,#899);
#735=LINE('',#2257,#900);
#736=LINE('',#2259,#901);
#737=LINE('',#2261,#902);
#738=LINE('',#2263,#903);
#739=LINE('',#2265,#904);
#740=LINE('',#2267,#905);
#741=LINE('',#2269,#906);
#742=LINE('',#2271,#907);
#743=LINE('',#2273,#908);
#744=LINE('',#2275,#909);
#745=LINE('',#2277,#910);
#746=LINE('',#2279,#911);
#747=LINE('',#2281,#912);
#748=LINE('',#2283,#913);
#749=LINE('',#2285,#914);
#750=LINE('',#2287,#915);
#751=LINE('',#2289,#916);
#752=LINE('',#2291,#917);
#753=LINE('',#2292,#918);
#754=LINE('',#2294,#919);
#755=LINE('',#2296,#920);
#756=LINE('',#2298,#921);
#757=LINE('',#2300,#922);
#758=LINE('',#2302,#923);
#759=LINE('',#2304,#924);
#760=LINE('',#2306,#925);
#761=LINE('',#2308,#926);
#762=LINE('',#2310,#927);
#763=LINE('',#2312,#928);
#764=LINE('',#2314,#929);
#765=LINE('',#2316,#930);
#766=LINE('',#2318,#931);
#767=LINE('',#2320,#932);
#768=LINE('',#2322,#933);
#769=LINE('',#2324,#934);
#770=LINE('',#2326,#935);
#771=LINE('',#2328,#936);
#772=LINE('',#2330,#937);
#773=LINE('',#2332,#938);
#774=LINE('',#2334,#939);
#775=LINE('',#2336,#940);
#776=LINE('',#2338,#941);
#777=LINE('',#2340,#942);
#778=LINE('',#2341,#943);
#779=LINE('',#2343,#944);
#780=LINE('',#2345,#945);
#781=LINE('',#2346,#946);
#782=LINE('',#2348,#947);
#783=LINE('',#2349,#948);
#784=LINE('',#2351,#949);
#785=LINE('',#2353,#950);
#786=LINE('',#2355,#951);
#787=LINE('',#2357,#952);
#788=LINE('',#2359,#953);
#789=LINE('',#2361,#954);
#790=LINE('',#2363,#955);
#791=LINE('',#2365,#956);
#792=LINE('',#2367,#957);
#793=LINE('',#2369,#958);
#794=LINE('',#2371,#959);
#795=LINE('',#2373,#960);
#796=LINE('',#2375,#961);
#797=LINE('',#2376,#962);
#798=LINE('',#2380,#963);
#799=LINE('',#2383,#964);
#800=LINE('',#2385,#965);
#801=LINE('',#2387,#966);
#802=LINE('',#2389,#967);
#803=LINE('',#2391,#968);
#804=LINE('',#2393,#969);
#805=LINE('',#2395,#970);
#806=LINE('',#2397,#971);
#807=LINE('',#2399,#972);
#808=LINE('',#2401,#973);
#809=LINE('',#2403,#974);
#810=LINE('',#2405,#975);
#811=LINE('',#2407,#976);
#812=LINE('',#2408,#977);
#813=VECTOR('',#1778,1000.);
#814=VECTOR('',#1779,1000.);
#815=VECTOR('',#1780,1000.);
#816=VECTOR('',#1781,1000.);
#817=VECTOR('',#1784,1000.);
#818=VECTOR('',#1785,1000.);
#819=VECTOR('',#1786,1000.);
#820=VECTOR('',#1787,1000.);
#821=VECTOR('',#1790,1000.);
#822=VECTOR('',#1791,1000.);
#823=VECTOR('',#1792,1000.);
#824=VECTOR('',#1793,1000.);
#825=VECTOR('',#1794,1000.);
#826=VECTOR('',#1795,1000.);
#827=VECTOR('',#1798,1000.);
#828=VECTOR('',#1799,1000.);
#829=VECTOR('',#1800,1000.);
#830=VECTOR('',#1801,1000.);
#831=VECTOR('',#1804,1000.);
#832=VECTOR('',#1805,1000.);
#833=VECTOR('',#1806,1000.);
#834=VECTOR('',#1809,1000.);
#835=VECTOR('',#1810,1000.);
#836=VECTOR('',#1811,1000.);
#837=VECTOR('',#1814,1000.);
#838=VECTOR('',#1815,1000.);
#839=VECTOR('',#1816,1000.);
#840=VECTOR('',#1819,1000.);
#841=VECTOR('',#1820,1000.);
#842=VECTOR('',#1821,1000.);
#843=VECTOR('',#1822,1000.);
#844=VECTOR('',#1825,1000.);
#845=VECTOR('',#1826,1000.);
#846=VECTOR('',#1829,1000.);
#847=VECTOR('',#1832,1000.);
#848=VECTOR('',#1835,1000.);
#849=VECTOR('',#1836,1000.);
#850=VECTOR('',#1837,1000.);
#851=VECTOR('',#1838,1000.);
#852=VECTOR('',#1839,1000.);
#853=VECTOR('',#1840,1000.);
#854=VECTOR('',#1841,1000.);
#855=VECTOR('',#1844,1000.);
#856=VECTOR('',#1845,1000.);
#857=VECTOR('',#1846,1000.);
#858=VECTOR('',#1847,1000.);
#859=VECTOR('',#1848,1000.);
#860=VECTOR('',#1849,1000.);
#861=VECTOR('',#1850,1000.);
#862=VECTOR('',#1853,1000.);
#863=VECTOR('',#1854,1000.);
#864=VECTOR('',#1857,1000.);
#865=VECTOR('',#1860,1000.);
#866=VECTOR('',#1863,1000.);
#867=VECTOR('',#1866,1000.);
#868=VECTOR('',#1869,1000.);
#869=VECTOR('',#1872,1000.);
#870=VECTOR('',#1873,1000.);
#871=VECTOR('',#1874,1000.);
#872=VECTOR('',#1875,1000.);
#873=VECTOR('',#1876,1000.);
#874=VECTOR('',#1877,1000.);
#875=VECTOR('',#1878,1000.);
#876=VECTOR('',#1879,1000.);
#877=VECTOR('',#1880,1000.);
#878=VECTOR('',#1883,1000.);
#879=VECTOR('',#1884,1000.);
#880=VECTOR('',#1885,1000.);
#881=VECTOR('',#1886,1000.);
#882=VECTOR('',#1887,1000.);
#883=VECTOR('',#1888,1000.);
#884=VECTOR('',#1891,1000.);
#885=VECTOR('',#1892,1000.);
#886=VECTOR('',#1893,1000.);
#887=VECTOR('',#1896,1000.);
#888=VECTOR('',#1897,1000.);
#889=VECTOR('',#1900,1000.);
#890=VECTOR('',#1901,1000.);
#891=VECTOR('',#1904,1000.);
#892=VECTOR('',#1905,1000.);
#893=VECTOR('',#1908,1000.);
#894=VECTOR('',#1911,1000.);
#895=VECTOR('',#1912,1000.);
#896=VECTOR('',#1917,1000.);
#897=VECTOR('',#1918,1000.);
#898=VECTOR('',#1919,1000.);
#899=VECTOR('',#1920,1000.);
#900=VECTOR('',#1921,1000.);
#901=VECTOR('',#1922,1000.);
#902=VECTOR('',#1923,1000.);
#903=VECTOR('',#1926,1000.);
#904=VECTOR('',#1927,1000.);
#905=VECTOR('',#1928,1000.);
#906=VECTOR('',#1931,1000.);
#907=VECTOR('',#1932,1000.);
#908=VECTOR('',#1935,1000.);
#909=VECTOR('',#1936,1000.);
#910=VECTOR('',#1939,1000.);
#911=VECTOR('',#1940,1000.);
#912=VECTOR('',#1943,1000.);
#913=VECTOR('',#1944,1000.);
#914=VECTOR('',#1947,1000.);
#915=VECTOR('',#1948,1000.);
#916=VECTOR('',#1951,1000.);
#917=VECTOR('',#1954,1000.);
#918=VECTOR('',#1955,1000.);
#919=VECTOR('',#1956,1000.);
#920=VECTOR('',#1957,1000.);
#921=VECTOR('',#1958,1000.);
#922=VECTOR('',#1959,1000.);
#923=VECTOR('',#1962,1000.);
#924=VECTOR('',#1963,1000.);
#925=VECTOR('',#1964,1000.);
#926=VECTOR('',#1967,1000.);
#927=VECTOR('',#1968,1000.);
#928=VECTOR('',#1971,1000.);
#929=VECTOR('',#1972,1000.);
#930=VECTOR('',#1975,1000.);
#931=VECTOR('',#1976,1000.);
#932=VECTOR('',#1977,1000.);
#933=VECTOR('',#1980,1000.);
#934=VECTOR('',#1981,1000.);
#935=VECTOR('',#1982,1000.);
#936=VECTOR('',#1985,1000.);
#937=VECTOR('',#1986,1000.);
#938=VECTOR('',#1987,1000.);
#939=VECTOR('',#1990,1000.);
#940=VECTOR('',#1991,1000.);
#941=VECTOR('',#1992,1000.);
#942=VECTOR('',#1995,1000.);
#943=VECTOR('',#1996,1000.);
#944=VECTOR('',#1999,1000.);
#945=VECTOR('',#2002,1000.);
#946=VECTOR('',#2003,1000.);
#947=VECTOR('',#2006,1000.);
#948=VECTOR('',#2007,1000.);
#949=VECTOR('',#2010,1000.);
#950=VECTOR('',#2011,1000.);
#951=VECTOR('',#2012,1000.);
#952=VECTOR('',#2015,1000.);
#953=VECTOR('',#2016,1000.);
#954=VECTOR('',#2017,1000.);
#955=VECTOR('',#2020,1000.);
#956=VECTOR('',#2021,1000.);
#957=VECTOR('',#2022,1000.);
#958=VECTOR('',#2025,1000.);
#959=VECTOR('',#2026,1000.);
#960=VECTOR('',#2027,1000.);
#961=VECTOR('',#2030,1000.);
#962=VECTOR('',#2031,1000.);
#963=VECTOR('',#2038,1000.);
#964=VECTOR('',#2039,1000.);
#965=VECTOR('',#2040,1000.);
#966=VECTOR('',#2041,1000.);
#967=VECTOR('',#2044,1000.);
#968=VECTOR('',#2045,1000.);
#969=VECTOR('',#2046,1000.);
#970=VECTOR('',#2049,1000.);
#971=VECTOR('',#2050,1000.);
#972=VECTOR('',#2051,1000.);
#973=VECTOR('',#2054,1000.);
#974=VECTOR('',#2055,1000.);
#975=VECTOR('',#2056,1000.);
#976=VECTOR('',#2059,1000.);
#977=VECTOR('',#2060,1000.);
#978=EDGE_LOOP('',(#34,#35,#36,#37));
#979=EDGE_LOOP('',(#38,#39,#40,#41));
#980=EDGE_LOOP('',(#42,#43,#44,#45,#46,#47,#48,#49));
#981=EDGE_LOOP('',(#50,#51,#52,#53));
#982=EDGE_LOOP('',(#54,#55,#56,#57));
#983=EDGE_LOOP('',(#58,#59,#60,#61));
#984=EDGE_LOOP('',(#62,#63,#64,#65));
#985=EDGE_LOOP('',(#66,#67,#68,#69));
#986=EDGE_LOOP('',(#70,#71,#72,#73));
#987=EDGE_LOOP('',(#74,#75,#76,#77,#78,#79,#80));
#988=EDGE_LOOP('',(#81,#82,#83,#84,#85,#86,#87));
#989=EDGE_LOOP('',(#88,#89,#90,#91,#92,#93,#94));
#990=EDGE_LOOP('',(#95,#96,#97,#98,#99,#100,#101));
#991=EDGE_LOOP('',(#102,#103,#104,#105));
#992=EDGE_LOOP('',(#106,#107,#108,#109));
#993=EDGE_LOOP('',(#110,#111,#112,#113));
#994=EDGE_LOOP('',(#114,#115,#116,#117));
#995=EDGE_LOOP('',(#118,#119,#120,#121));
#996=EDGE_LOOP('',(#122,#123,#124,#125));
#997=EDGE_LOOP('',(#126,#127,#128,#129,#130,#131,#132,#133,#134,#135,#136,
#137));
#998=EDGE_LOOP('',(#138,#139,#140,#141,#142,#143,#144));
#999=EDGE_LOOP('',(#145,#146,#147,#148));
#1000=EDGE_LOOP('',(#149,#150,#151,#152));
#1001=EDGE_LOOP('',(#153,#154,#155,#156));
#1002=EDGE_LOOP('',(#157,#158,#159,#160));
#1003=EDGE_LOOP('',(#161,#162,#163,#164));
#1004=EDGE_LOOP('',(#165,#166,#167,#168));
#1005=EDGE_LOOP('',(#169,#170,#171,#172,#173,#174,#175));
#1006=EDGE_LOOP('',(#176,#177,#178,#179,#180,#181,#182));
#1007=EDGE_LOOP('',(#183,#184,#185,#186));
#1008=EDGE_LOOP('',(#187,#188,#189,#190));
#1009=EDGE_LOOP('',(#191,#192,#193,#194));
#1010=EDGE_LOOP('',(#195,#196,#197,#198));
#1011=EDGE_LOOP('',(#199,#200,#201,#202));
#1012=EDGE_LOOP('',(#203,#204,#205,#206));
#1013=EDGE_LOOP('',(#207,#208,#209,#210,#211,#212,#213));
#1014=EDGE_LOOP('',(#214,#215,#216,#217,#218,#219,#220,#221,#222,#223,#224,
#225));
#1015=EDGE_LOOP('',(#226,#227,#228,#229));
#1016=EDGE_LOOP('',(#230,#231,#232,#233));
#1017=EDGE_LOOP('',(#234,#235,#236,#237));
#1018=EDGE_LOOP('',(#238,#239,#240,#241,#242,#243));
#1019=EDGE_LOOP('',(#244,#245,#246,#247));
#1020=EDGE_LOOP('',(#248,#249,#250,#251));
#1021=EDGE_LOOP('',(#252,#253,#254,#255));
#1022=EDGE_LOOP('',(#256,#257,#258,#259,#260,#261));
#1023=EDGE_LOOP('',(#262,#263,#264,#265,#266,#267,#268,#269));
#1024=EDGE_LOOP('',(#270,#271,#272,#273,#274,#275,#276,#277));
#1025=EDGE_LOOP('',(#278,#279,#280,#281,#282,#283,#284,#285));
#1026=EDGE_LOOP('',(#286,#287,#288,#289));
#1027=EDGE_LOOP('',(#290,#291,#292,#293));
#1028=EDGE_LOOP('',(#294,#295,#296,#297));
#1029=EDGE_LOOP('',(#298,#299,#300,#301));
#1030=EDGE_LOOP('',(#302,#303,#304,#305));
#1031=EDGE_LOOP('',(#306,#307,#308,#309,#310,#311,#312,#313,#314,#315,#316,
#317));
#1032=EDGE_LOOP('',(#318,#319,#320,#321,#322,#323,#324,#325,#326,#327,#328,
#329));
#1033=EDGE_LOOP('',(#330,#331,#332,#333));
#1034=EDGE_LOOP('',(#334,#335,#336,#337));
#1035=EDGE_LOOP('',(#338,#339,#340,#341));
#1036=EDGE_LOOP('',(#342,#343,#344,#345));
#1037=EDGE_LOOP('',(#346,#347,#348,#349));
#1038=EDGE_LOOP('',(#350,#351,#352,#353,#354));
#1039=EDGE_LOOP('',(#355,#356,#357,#358));
#1040=EDGE_LOOP('',(#359));
#1041=EDGE_LOOP('',(#360));
#1042=EDGE_LOOP('',(#361));
#1043=EDGE_LOOP('',(#362));
#1044=EDGE_LOOP('',(#363));
#1045=EDGE_LOOP('',(#364));
#1046=EDGE_LOOP('',(#365,#366,#367,#368,#369));
#1047=FACE_BOUND('',#978,.T.);
#1048=FACE_BOUND('',#979,.T.);
#1049=FACE_BOUND('',#980,.T.);
#1050=FACE_BOUND('',#981,.T.);
#1051=FACE_BOUND('',#982,.T.);
#1052=FACE_BOUND('',#983,.T.);
#1053=FACE_BOUND('',#984,.T.);
#1054=FACE_BOUND('',#985,.T.);
#1055=FACE_BOUND('',#986,.T.);
#1056=FACE_BOUND('',#987,.T.);
#1057=FACE_BOUND('',#988,.T.);
#1058=FACE_BOUND('',#989,.T.);
#1059=FACE_BOUND('',#990,.T.);
#1060=FACE_BOUND('',#991,.T.);
#1061=FACE_BOUND('',#992,.T.);
#1062=FACE_BOUND('',#993,.T.);
#1063=FACE_BOUND('',#994,.T.);
#1064=FACE_BOUND('',#995,.T.);
#1065=FACE_BOUND('',#996,.T.);
#1066=FACE_BOUND('',#997,.T.);
#1067=FACE_BOUND('',#998,.T.);
#1068=FACE_BOUND('',#999,.T.);
#1069=FACE_BOUND('',#1000,.T.);
#1070=FACE_BOUND('',#1001,.T.);
#1071=FACE_BOUND('',#1002,.T.);
#1072=FACE_BOUND('',#1003,.T.);
#1073=FACE_BOUND('',#1004,.T.);
#1074=FACE_BOUND('',#1005,.T.);
#1075=FACE_BOUND('',#1006,.T.);
#1076=FACE_BOUND('',#1007,.T.);
#1077=FACE_BOUND('',#1008,.T.);
#1078=FACE_BOUND('',#1009,.T.);
#1079=FACE_BOUND('',#1010,.T.);
#1080=FACE_BOUND('',#1011,.T.);
#1081=FACE_BOUND('',#1012,.T.);
#1082=FACE_BOUND('',#1013,.T.);
#1083=FACE_BOUND('',#1014,.T.);
#1084=FACE_BOUND('',#1015,.T.);
#1085=FACE_BOUND('',#1016,.T.);
#1086=FACE_BOUND('',#1017,.T.);
#1087=FACE_BOUND('',#1018,.T.);
#1088=FACE_BOUND('',#1019,.T.);
#1089=FACE_BOUND('',#1020,.T.);
#1090=FACE_BOUND('',#1021,.T.);
#1091=FACE_BOUND('',#1022,.T.);
#1092=FACE_BOUND('',#1023,.T.);
#1093=FACE_BOUND('',#1024,.T.);
#1094=FACE_BOUND('',#1025,.T.);
#1095=FACE_BOUND('',#1026,.T.);
#1096=FACE_BOUND('',#1027,.T.);
#1097=FACE_BOUND('',#1028,.T.);
#1098=FACE_BOUND('',#1029,.T.);
#1099=FACE_BOUND('',#1030,.T.);
#1100=FACE_BOUND('',#1031,.T.);
#1101=FACE_BOUND('',#1032,.T.);
#1102=FACE_BOUND('',#1033,.T.);
#1103=FACE_BOUND('',#1034,.T.);
#1104=FACE_BOUND('',#1035,.T.);
#1105=FACE_BOUND('',#1036,.T.);
#1106=FACE_BOUND('',#1037,.T.);
#1107=FACE_BOUND('',#1038,.T.);
#1108=FACE_BOUND('',#1039,.T.);
#1109=FACE_BOUND('',#1040,.T.);
#1110=FACE_BOUND('',#21,.T.);
#1111=FACE_BOUND('',#1041,.T.);
#1112=FACE_BOUND('',#1042,.T.);
#1113=FACE_BOUND('',#1043,.T.);
#1114=FACE_BOUND('',#1044,.T.);
#1115=FACE_BOUND('',#1045,.T.);
#1116=FACE_BOUND('',#1046,.T.);
#1117=PLANE('',#1706);
#1118=PLANE('',#1707);
#1119=PLANE('',#1708);
#1120=PLANE('',#1709);
#1121=PLANE('',#1710);
#1122=PLANE('',#1711);
#1123=PLANE('',#1712);
#1124=PLANE('',#1713);
#1125=PLANE('',#1714);
#1126=PLANE('',#1715);
#1127=PLANE('',#1716);
#1128=PLANE('',#1717);
#1129=PLANE('',#1718);
#1130=PLANE('',#1719);
#1131=PLANE('',#1720);
#1132=PLANE('',#1721);
#1133=PLANE('',#1722);
#1134=PLANE('',#1723);
#1135=PLANE('',#1724);
#1136=PLANE('',#1725);
#1137=PLANE('',#1726);
#1138=PLANE('',#1727);
#1139=PLANE('',#1728);
#1140=PLANE('',#1729);
#1141=PLANE('',#1730);
#1142=PLANE('',#1731);
#1143=PLANE('',#1732);
#1144=PLANE('',#1733);
#1145=PLANE('',#1734);
#1146=PLANE('',#1735);
#1147=PLANE('',#1736);
#1148=PLANE('',#1737);
#1149=PLANE('',#1738);
#1150=PLANE('',#1739);
#1151=PLANE('',#1740);
#1152=PLANE('',#1741);
#1153=PLANE('',#1742);
#1154=PLANE('',#1743);
#1155=PLANE('',#1744);
#1156=PLANE('',#1745);
#1157=PLANE('',#1746);
#1158=PLANE('',#1747);
#1159=PLANE('',#1748);
#1160=PLANE('',#1749);
#1161=PLANE('',#1750);
#1162=PLANE('',#1751);
#1163=PLANE('',#1752);
#1164=PLANE('',#1753);
#1165=PLANE('',#1754);
#1166=PLANE('',#1755);
#1167=PLANE('',#1756);
#1168=PLANE('',#1757);
#1169=PLANE('',#1758);
#1170=PLANE('',#1759);
#1171=PLANE('',#1760);
#1172=PLANE('',#1761);
#1173=PLANE('',#1762);
#1174=PLANE('',#1763);
#1175=PLANE('',#1764);
#1176=PLANE('',#1765);
#1177=PLANE('',#1766);
#1178=PLANE('',#1769);
#1179=PLANE('',#1773);
#1180=STYLED_ITEM('',(#1245),#1636);
#1181=STYLED_ITEM('',(#1246),#1637);
#1182=STYLED_ITEM('',(#1247),#1638);
#1183=STYLED_ITEM('',(#1248),#1639);
#1184=STYLED_ITEM('',(#1249),#1640);
#1185=STYLED_ITEM('',(#1250),#1641);
#1186=STYLED_ITEM('',(#1251),#1642);
#1187=STYLED_ITEM('',(#1252),#1643);
#1188=STYLED_ITEM('',(#1253),#1644);
#1189=STYLED_ITEM('',(#1254),#1645);
#1190=STYLED_ITEM('',(#1255),#1646);
#1191=STYLED_ITEM('',(#1256),#1647);
#1192=STYLED_ITEM('',(#1257),#1648);
#1193=STYLED_ITEM('',(#1258),#1649);
#1194=STYLED_ITEM('',(#1259),#1650);
#1195=STYLED_ITEM('',(#1260),#1651);
#1196=STYLED_ITEM('',(#1261),#1652);
#1197=STYLED_ITEM('',(#1262),#1653);
#1198=STYLED_ITEM('',(#1263),#1654);
#1199=STYLED_ITEM('',(#1264),#1655);
#1200=STYLED_ITEM('',(#1265),#1656);
#1201=STYLED_ITEM('',(#1266),#1657);
#1202=STYLED_ITEM('',(#1267),#1658);
#1203=STYLED_ITEM('',(#1268),#1659);
#1204=STYLED_ITEM('',(#1269),#1660);
#1205=STYLED_ITEM('',(#1270),#1661);
#1206=STYLED_ITEM('',(#1271),#1662);
#1207=STYLED_ITEM('',(#1272),#1663);
#1208=STYLED_ITEM('',(#1273),#1664);
#1209=STYLED_ITEM('',(#1274),#1665);
#1210=STYLED_ITEM('',(#1275),#1666);
#1211=STYLED_ITEM('',(#1276),#1667);
#1212=STYLED_ITEM('',(#1277),#1668);
#1213=STYLED_ITEM('',(#1278),#1669);
#1214=STYLED_ITEM('',(#1279),#1670);
#1215=STYLED_ITEM('',(#1280),#1671);
#1216=STYLED_ITEM('',(#1281),#1672);
#1217=STYLED_ITEM('',(#1282),#1673);
#1218=STYLED_ITEM('',(#1283),#1674);
#1219=STYLED_ITEM('',(#1284),#1675);
#1220=STYLED_ITEM('',(#1285),#1676);
#1221=STYLED_ITEM('',(#1286),#1677);
#1222=STYLED_ITEM('',(#1287),#1678);
#1223=STYLED_ITEM('',(#1288),#1679);
#1224=STYLED_ITEM('',(#1289),#1680);
#1225=STYLED_ITEM('',(#1290),#1681);
#1226=STYLED_ITEM('',(#1291),#1682);
#1227=STYLED_ITEM('',(#1292),#1683);
#1228=STYLED_ITEM('',(#1293),#1684);
#1229=STYLED_ITEM('',(#1294),#1685);
#1230=STYLED_ITEM('',(#1295),#1686);
#1231=STYLED_ITEM('',(#1296),#1687);
#1232=STYLED_ITEM('',(#1297),#1688);
#1233=STYLED_ITEM('',(#1298),#1689);
#1234=STYLED_ITEM('',(#1299),#1690);
#1235=STYLED_ITEM('',(#1300),#1691);
#1236=STYLED_ITEM('',(#1301),#1692);
#1237=STYLED_ITEM('',(#1302),#1693);
#1238=STYLED_ITEM('',(#1303),#1694);
#1239=STYLED_ITEM('',(#1304),#1695);
#1240=STYLED_ITEM('',(#1305),#1696);
#1241=STYLED_ITEM('',(#1306),#1697);
#1242=STYLED_ITEM('',(#1307),#1698);
#1243=STYLED_ITEM('',(#1308),#1699);
#1244=STYLED_ITEM('',(#1309),#1700);
#1245=PRESENTATION_STYLE_ASSIGNMENT((#1310));
#1246=PRESENTATION_STYLE_ASSIGNMENT((#1311));
#1247=PRESENTATION_STYLE_ASSIGNMENT((#1312));
#1248=PRESENTATION_STYLE_ASSIGNMENT((#1313));
#1249=PRESENTATION_STYLE_ASSIGNMENT((#1314));
#1250=PRESENTATION_STYLE_ASSIGNMENT((#1315));
#1251=PRESENTATION_STYLE_ASSIGNMENT((#1316));
#1252=PRESENTATION_STYLE_ASSIGNMENT((#1317));
#1253=PRESENTATION_STYLE_ASSIGNMENT((#1318));
#1254=PRESENTATION_STYLE_ASSIGNMENT((#1319));
#1255=PRESENTATION_STYLE_ASSIGNMENT((#1320));
#1256=PRESENTATION_STYLE_ASSIGNMENT((#1321));
#1257=PRESENTATION_STYLE_ASSIGNMENT((#1322));
#1258=PRESENTATION_STYLE_ASSIGNMENT((#1323));
#1259=PRESENTATION_STYLE_ASSIGNMENT((#1324));
#1260=PRESENTATION_STYLE_ASSIGNMENT((#1325));
#1261=PRESENTATION_STYLE_ASSIGNMENT((#1326));
#1262=PRESENTATION_STYLE_ASSIGNMENT((#1327));
#1263=PRESENTATION_STYLE_ASSIGNMENT((#1328));
#1264=PRESENTATION_STYLE_ASSIGNMENT((#1329));
#1265=PRESENTATION_STYLE_ASSIGNMENT((#1330));
#1266=PRESENTATION_STYLE_ASSIGNMENT((#1331));
#1267=PRESENTATION_STYLE_ASSIGNMENT((#1332));
#1268=PRESENTATION_STYLE_ASSIGNMENT((#1333));
#1269=PRESENTATION_STYLE_ASSIGNMENT((#1334));
#1270=PRESENTATION_STYLE_ASSIGNMENT((#1335));
#1271=PRESENTATION_STYLE_ASSIGNMENT((#1336));
#1272=PRESENTATION_STYLE_ASSIGNMENT((#1337));
#1273=PRESENTATION_STYLE_ASSIGNMENT((#1338));
#1274=PRESENTATION_STYLE_ASSIGNMENT((#1339));
#1275=PRESENTATION_STYLE_ASSIGNMENT((#1340));
#1276=PRESENTATION_STYLE_ASSIGNMENT((#1341));
#1277=PRESENTATION_STYLE_ASSIGNMENT((#1342));
#1278=PRESENTATION_STYLE_ASSIGNMENT((#1343));
#1279=PRESENTATION_STYLE_ASSIGNMENT((#1344));
#1280=PRESENTATION_STYLE_ASSIGNMENT((#1345));
#1281=PRESENTATION_STYLE_ASSIGNMENT((#1346));
#1282=PRESENTATION_STYLE_ASSIGNMENT((#1347));
#1283=PRESENTATION_STYLE_ASSIGNMENT((#1348));
#1284=PRESENTATION_STYLE_ASSIGNMENT((#1349));
#1285=PRESENTATION_STYLE_ASSIGNMENT((#1350));
#1286=PRESENTATION_STYLE_ASSIGNMENT((#1351));
#1287=PRESENTATION_STYLE_ASSIGNMENT((#1352));
#1288=PRESENTATION_STYLE_ASSIGNMENT((#1353));
#1289=PRESENTATION_STYLE_ASSIGNMENT((#1354));
#1290=PRESENTATION_STYLE_ASSIGNMENT((#1355));
#1291=PRESENTATION_STYLE_ASSIGNMENT((#1356));
#1292=PRESENTATION_STYLE_ASSIGNMENT((#1357));
#1293=PRESENTATION_STYLE_ASSIGNMENT((#1358));
#1294=PRESENTATION_STYLE_ASSIGNMENT((#1359));
#1295=PRESENTATION_STYLE_ASSIGNMENT((#1360));
#1296=PRESENTATION_STYLE_ASSIGNMENT((#1361));
#1297=PRESENTATION_STYLE_ASSIGNMENT((#1362));
#1298=PRESENTATION_STYLE_ASSIGNMENT((#1363));
#1299=PRESENTATION_STYLE_ASSIGNMENT((#1364));
#1300=PRESENTATION_STYLE_ASSIGNMENT((#1365));
#1301=PRESENTATION_STYLE_ASSIGNMENT((#1366));
#1302=PRESENTATION_STYLE_ASSIGNMENT((#1367));
#1303=PRESENTATION_STYLE_ASSIGNMENT((#1368));
#1304=PRESENTATION_STYLE_ASSIGNMENT((#1369));
#1305=PRESENTATION_STYLE_ASSIGNMENT((#1370));
#1306=PRESENTATION_STYLE_ASSIGNMENT((#1371));
#1307=PRESENTATION_STYLE_ASSIGNMENT((#1372));
#1308=PRESENTATION_STYLE_ASSIGNMENT((#1373));
#1309=PRESENTATION_STYLE_ASSIGNMENT((#1374));
#1310=SURFACE_STYLE_USAGE(.BOTH.,#1375);
#1311=SURFACE_STYLE_USAGE(.BOTH.,#1376);
#1312=SURFACE_STYLE_USAGE(.BOTH.,#1377);
#1313=SURFACE_STYLE_USAGE(.BOTH.,#1378);
#1314=SURFACE_STYLE_USAGE(.BOTH.,#1379);
#1315=SURFACE_STYLE_USAGE(.BOTH.,#1380);
#1316=SURFACE_STYLE_USAGE(.BOTH.,#1381);
#1317=SURFACE_STYLE_USAGE(.BOTH.,#1382);
#1318=SURFACE_STYLE_USAGE(.BOTH.,#1383);
#1319=SURFACE_STYLE_USAGE(.BOTH.,#1384);
#1320=SURFACE_STYLE_USAGE(.BOTH.,#1385);
#1321=SURFACE_STYLE_USAGE(.BOTH.,#1386);
#1322=SURFACE_STYLE_USAGE(.BOTH.,#1387);
#1323=SURFACE_STYLE_USAGE(.BOTH.,#1388);
#1324=SURFACE_STYLE_USAGE(.BOTH.,#1389);
#1325=SURFACE_STYLE_USAGE(.BOTH.,#1390);
#1326=SURFACE_STYLE_USAGE(.BOTH.,#1391);
#1327=SURFACE_STYLE_USAGE(.BOTH.,#1392);
#1328=SURFACE_STYLE_USAGE(.BOTH.,#1393);
#1329=SURFACE_STYLE_USAGE(.BOTH.,#1394);
#1330=SURFACE_STYLE_USAGE(.BOTH.,#1395);
#1331=SURFACE_STYLE_USAGE(.BOTH.,#1396);
#1332=SURFACE_STYLE_USAGE(.BOTH.,#1397);
#1333=SURFACE_STYLE_USAGE(.BOTH.,#1398);
#1334=SURFACE_STYLE_USAGE(.BOTH.,#1399);
#1335=SURFACE_STYLE_USAGE(.BOTH.,#1400);
#1336=SURFACE_STYLE_USAGE(.BOTH.,#1401);
#1337=SURFACE_STYLE_USAGE(.BOTH.,#1402);
#1338=SURFACE_STYLE_USAGE(.BOTH.,#1403);
#1339=SURFACE_STYLE_USAGE(.BOTH.,#1404);
#1340=SURFACE_STYLE_USAGE(.BOTH.,#1405);
#1341=SURFACE_STYLE_USAGE(.BOTH.,#1406);
#1342=SURFACE_STYLE_USAGE(.BOTH.,#1407);
#1343=SURFACE_STYLE_USAGE(.BOTH.,#1408);
#1344=SURFACE_STYLE_USAGE(.BOTH.,#1409);
#1345=SURFACE_STYLE_USAGE(.BOTH.,#1410);
#1346=SURFACE_STYLE_USAGE(.BOTH.,#1411);
#1347=SURFACE_STYLE_USAGE(.BOTH.,#1412);
#1348=SURFACE_STYLE_USAGE(.BOTH.,#1413);
#1349=SURFACE_STYLE_USAGE(.BOTH.,#1414);
#1350=SURFACE_STYLE_USAGE(.BOTH.,#1415);
#1351=SURFACE_STYLE_USAGE(.BOTH.,#1416);
#1352=SURFACE_STYLE_USAGE(.BOTH.,#1417);
#1353=SURFACE_STYLE_USAGE(.BOTH.,#1418);
#1354=SURFACE_STYLE_USAGE(.BOTH.,#1419);
#1355=SURFACE_STYLE_USAGE(.BOTH.,#1420);
#1356=SURFACE_STYLE_USAGE(.BOTH.,#1421);
#1357=SURFACE_STYLE_USAGE(.BOTH.,#1422);
#1358=SURFACE_STYLE_USAGE(.BOTH.,#1423);
#1359=SURFACE_STYLE_USAGE(.BOTH.,#1424);
#1360=SURFACE_STYLE_USAGE(.BOTH.,#1425);
#1361=SURFACE_STYLE_USAGE(.BOTH.,#1426);
#1362=SURFACE_STYLE_USAGE(.BOTH.,#1427);
#1363=SURFACE_STYLE_USAGE(.BOTH.,#1428);
#1364=SURFACE_STYLE_USAGE(.BOTH.,#1429);
#1365=SURFACE_STYLE_USAGE(.BOTH.,#1430);
#1366=SURFACE_STYLE_USAGE(.BOTH.,#1431);
#1367=SURFACE_STYLE_USAGE(.BOTH.,#1432);
#1368=SURFACE_STYLE_USAGE(.BOTH.,#1433);
#1369=SURFACE_STYLE_USAGE(.BOTH.,#1434);
#1370=SURFACE_STYLE_USAGE(.BOTH.,#1435);
#1371=SURFACE_STYLE_USAGE(.BOTH.,#1436);
#1372=SURFACE_STYLE_USAGE(.BOTH.,#1437);
#1373=SURFACE_STYLE_USAGE(.BOTH.,#1438);
#1374=SURFACE_STYLE_USAGE(.BOTH.,#1439);
#1375=SURFACE_SIDE_STYLE('',(#1440));
#1376=SURFACE_SIDE_STYLE('',(#1441));
#1377=SURFACE_SIDE_STYLE('',(#1442));
#1378=SURFACE_SIDE_STYLE('',(#1443));
#1379=SURFACE_SIDE_STYLE('',(#1444));
#1380=SURFACE_SIDE_STYLE('',(#1445));
#1381=SURFACE_SIDE_STYLE('',(#1446));
#1382=SURFACE_SIDE_STYLE('',(#1447));
#1383=SURFACE_SIDE_STYLE('',(#1448));
#1384=SURFACE_SIDE_STYLE('',(#1449));
#1385=SURFACE_SIDE_STYLE('',(#1450));
#1386=SURFACE_SIDE_STYLE('',(#1451));
#1387=SURFACE_SIDE_STYLE('',(#1452));
#1388=SURFACE_SIDE_STYLE('',(#1453));
#1389=SURFACE_SIDE_STYLE('',(#1454));
#1390=SURFACE_SIDE_STYLE('',(#1455));
#1391=SURFACE_SIDE_STYLE('',(#1456));
#1392=SURFACE_SIDE_STYLE('',(#1457));
#1393=SURFACE_SIDE_STYLE('',(#1458));
#1394=SURFACE_SIDE_STYLE('',(#1459));
#1395=SURFACE_SIDE_STYLE('',(#1460));
#1396=SURFACE_SIDE_STYLE('',(#1461));
#1397=SURFACE_SIDE_STYLE('',(#1462));
#1398=SURFACE_SIDE_STYLE('',(#1463));
#1399=SURFACE_SIDE_STYLE('',(#1464));
#1400=SURFACE_SIDE_STYLE('',(#1465));
#1401=SURFACE_SIDE_STYLE('',(#1466));
#1402=SURFACE_SIDE_STYLE('',(#1467));
#1403=SURFACE_SIDE_STYLE('',(#1468));
#1404=SURFACE_SIDE_STYLE('',(#1469));
#1405=SURFACE_SIDE_STYLE('',(#1470));
#1406=SURFACE_SIDE_STYLE('',(#1471));
#1407=SURFACE_SIDE_STYLE('',(#1472));
#1408=SURFACE_SIDE_STYLE('',(#1473));
#1409=SURFACE_SIDE_STYLE('',(#1474));
#1410=SURFACE_SIDE_STYLE('',(#1475));
#1411=SURFACE_SIDE_STYLE('',(#1476));
#1412=SURFACE_SIDE_STYLE('',(#1477));
#1413=SURFACE_SIDE_STYLE('',(#1478));
#1414=SURFACE_SIDE_STYLE('',(#1479));
#1415=SURFACE_SIDE_STYLE('',(#1480));
#1416=SURFACE_SIDE_STYLE('',(#1481));
#1417=SURFACE_SIDE_STYLE('',(#1482));
#1418=SURFACE_SIDE_STYLE('',(#1483));
#1419=SURFACE_SIDE_STYLE('',(#1484));
#1420=SURFACE_SIDE_STYLE('',(#1485));
#1421=SURFACE_SIDE_STYLE('',(#1486));
#1422=SURFACE_SIDE_STYLE('',(#1487));
#1423=SURFACE_SIDE_STYLE('',(#1488));
#1424=SURFACE_SIDE_STYLE('',(#1489));
#1425=SURFACE_SIDE_STYLE('',(#1490));
#1426=SURFACE_SIDE_STYLE('',(#1491));
#1427=SURFACE_SIDE_STYLE('',(#1492));
#1428=SURFACE_SIDE_STYLE('',(#1493));
#1429=SURFACE_SIDE_STYLE('',(#1494));
#1430=SURFACE_SIDE_STYLE('',(#1495));
#1431=SURFACE_SIDE_STYLE('',(#1496));
#1432=SURFACE_SIDE_STYLE('',(#1497));
#1433=SURFACE_SIDE_STYLE('',(#1498));
#1434=SURFACE_SIDE_STYLE('',(#1499));
#1435=SURFACE_SIDE_STYLE('',(#1500));
#1436=SURFACE_SIDE_STYLE('',(#1501,#26));
#1437=SURFACE_SIDE_STYLE('',(#1502,#27));
#1438=SURFACE_SIDE_STYLE('',(#1503,#28));
#1439=SURFACE_SIDE_STYLE('',(#1504));
#1440=SURFACE_STYLE_FILL_AREA(#1505);
#1441=SURFACE_STYLE_FILL_AREA(#1506);
#1442=SURFACE_STYLE_FILL_AREA(#1507);
#1443=SURFACE_STYLE_FILL_AREA(#1508);
#1444=SURFACE_STYLE_FILL_AREA(#1509);
#1445=SURFACE_STYLE_FILL_AREA(#1510);
#1446=SURFACE_STYLE_FILL_AREA(#1511);
#1447=SURFACE_STYLE_FILL_AREA(#1512);
#1448=SURFACE_STYLE_FILL_AREA(#1513);
#1449=SURFACE_STYLE_FILL_AREA(#1514);
#1450=SURFACE_STYLE_FILL_AREA(#1515);
#1451=SURFACE_STYLE_FILL_AREA(#1516);
#1452=SURFACE_STYLE_FILL_AREA(#1517);
#1453=SURFACE_STYLE_FILL_AREA(#1518);
#1454=SURFACE_STYLE_FILL_AREA(#1519);
#1455=SURFACE_STYLE_FILL_AREA(#1520);
#1456=SURFACE_STYLE_FILL_AREA(#1521);
#1457=SURFACE_STYLE_FILL_AREA(#1522);
#1458=SURFACE_STYLE_FILL_AREA(#1523);
#1459=SURFACE_STYLE_FILL_AREA(#1524);
#1460=SURFACE_STYLE_FILL_AREA(#1525);
#1461=SURFACE_STYLE_FILL_AREA(#1526);
#1462=SURFACE_STYLE_FILL_AREA(#1527);
#1463=SURFACE_STYLE_FILL_AREA(#1528);
#1464=SURFACE_STYLE_FILL_AREA(#1529);
#1465=SURFACE_STYLE_FILL_AREA(#1530);
#1466=SURFACE_STYLE_FILL_AREA(#1531);
#1467=SURFACE_STYLE_FILL_AREA(#1532);
#1468=SURFACE_STYLE_FILL_AREA(#1533);
#1469=SURFACE_STYLE_FILL_AREA(#1534);
#1470=SURFACE_STYLE_FILL_AREA(#1535);
#1471=SURFACE_STYLE_FILL_AREA(#1536);
#1472=SURFACE_STYLE_FILL_AREA(#1537);
#1473=SURFACE_STYLE_FILL_AREA(#1538);
#1474=SURFACE_STYLE_FILL_AREA(#1539);
#1475=SURFACE_STYLE_FILL_AREA(#1540);
#1476=SURFACE_STYLE_FILL_AREA(#1541);
#1477=SURFACE_STYLE_FILL_AREA(#1542);
#1478=SURFACE_STYLE_FILL_AREA(#1543);
#1479=SURFACE_STYLE_FILL_AREA(#1544);
#1480=SURFACE_STYLE_FILL_AREA(#1545);
#1481=SURFACE_STYLE_FILL_AREA(#1546);
#1482=SURFACE_STYLE_FILL_AREA(#1547);
#1483=SURFACE_STYLE_FILL_AREA(#1548);
#1484=SURFACE_STYLE_FILL_AREA(#1549);
#1485=SURFACE_STYLE_FILL_AREA(#1550);
#1486=SURFACE_STYLE_FILL_AREA(#1551);
#1487=SURFACE_STYLE_FILL_AREA(#1552);
#1488=SURFACE_STYLE_FILL_AREA(#1553);
#1489=SURFACE_STYLE_FILL_AREA(#1554);
#1490=SURFACE_STYLE_FILL_AREA(#1555);
#1491=SURFACE_STYLE_FILL_AREA(#1556);
#1492=SURFACE_STYLE_FILL_AREA(#1557);
#1493=SURFACE_STYLE_FILL_AREA(#1558);
#1494=SURFACE_STYLE_FILL_AREA(#1559);
#1495=SURFACE_STYLE_FILL_AREA(#1560);
#1496=SURFACE_STYLE_FILL_AREA(#1561);
#1497=SURFACE_STYLE_FILL_AREA(#1562);
#1498=SURFACE_STYLE_FILL_AREA(#1563);
#1499=SURFACE_STYLE_FILL_AREA(#1564);
#1500=SURFACE_STYLE_FILL_AREA(#1565);
#1501=SURFACE_STYLE_FILL_AREA(#1566);
#1502=SURFACE_STYLE_FILL_AREA(#1567);
#1503=SURFACE_STYLE_FILL_AREA(#1568);
#1504=SURFACE_STYLE_FILL_AREA(#1569);
#1505=FILL_AREA_STYLE('',(#1570));
#1506=FILL_AREA_STYLE('',(#1571));
#1507=FILL_AREA_STYLE('',(#1572));
#1508=FILL_AREA_STYLE('',(#1573));
#1509=FILL_AREA_STYLE('',(#1574));
#1510=FILL_AREA_STYLE('',(#1575));
#1511=FILL_AREA_STYLE('',(#1576));
#1512=FILL_AREA_STYLE('',(#1577));
#1513=FILL_AREA_STYLE('',(#1578));
#1514=FILL_AREA_STYLE('',(#1579));
#1515=FILL_AREA_STYLE('',(#1580));
#1516=FILL_AREA_STYLE('',(#1581));
#1517=FILL_AREA_STYLE('',(#1582));
#1518=FILL_AREA_STYLE('',(#1583));
#1519=FILL_AREA_STYLE('',(#1584));
#1520=FILL_AREA_STYLE('',(#1585));
#1521=FILL_AREA_STYLE('',(#1586));
#1522=FILL_AREA_STYLE('',(#1587));
#1523=FILL_AREA_STYLE('',(#1588));
#1524=FILL_AREA_STYLE('',(#1589));
#1525=FILL_AREA_STYLE('',(#1590));
#1526=FILL_AREA_STYLE('',(#1591));
#1527=FILL_AREA_STYLE('',(#1592));
#1528=FILL_AREA_STYLE('',(#1593));
#1529=FILL_AREA_STYLE('',(#1594));
#1530=FILL_AREA_STYLE('',(#1595));
#1531=FILL_AREA_STYLE('',(#1596));
#1532=FILL_AREA_STYLE('',(#1597));
#1533=FILL_AREA_STYLE('',(#1598));
#1534=FILL_AREA_STYLE('',(#1599));
#1535=FILL_AREA_STYLE('',(#1600));
#1536=FILL_AREA_STYLE('',(#1601));
#1537=FILL_AREA_STYLE('',(#1602));
#1538=FILL_AREA_STYLE('',(#1603));
#1539=FILL_AREA_STYLE('',(#1604));
#1540=FILL_AREA_STYLE('',(#1605));
#1541=FILL_AREA_STYLE('',(#1606));
#1542=FILL_AREA_STYLE('',(#1607));
#1543=FILL_AREA_STYLE('',(#1608));
#1544=FILL_AREA_STYLE('',(#1609));
#1545=FILL_AREA_STYLE('',(#1610));
#1546=FILL_AREA_STYLE('',(#1611));
#1547=FILL_AREA_STYLE('',(#1612));
#1548=FILL_AREA_STYLE('',(#1613));
#1549=FILL_AREA_STYLE('',(#1614));
#1550=FILL_AREA_STYLE('',(#1615));
#1551=FILL_AREA_STYLE('',(#1616));
#1552=FILL_AREA_STYLE('',(#1617));
#1553=FILL_AREA_STYLE('',(#1618));
#1554=FILL_AREA_STYLE('',(#1619));
#1555=FILL_AREA_STYLE('',(#1620));
#1556=FILL_AREA_STYLE('',(#1621));
#1557=FILL_AREA_STYLE('',(#1622));
#1558=FILL_AREA_STYLE('',(#1623));
#1559=FILL_AREA_STYLE('',(#1624));
#1560=FILL_AREA_STYLE('',(#1625));
#1561=FILL_AREA_STYLE('',(#1626));
#1562=FILL_AREA_STYLE('',(#1627));
#1563=FILL_AREA_STYLE('',(#1628));
#1564=FILL_AREA_STYLE('',(#1629));
#1565=FILL_AREA_STYLE('',(#1630));
#1566=FILL_AREA_STYLE('',(#1631));
#1567=FILL_AREA_STYLE('',(#1632));
#1568=FILL_AREA_STYLE('',(#1633));
#1569=FILL_AREA_STYLE('',(#1634));
#1570=FILL_AREA_STYLE_COLOUR('',#1635);
#1571=FILL_AREA_STYLE_COLOUR('',#1635);
#1572=FILL_AREA_STYLE_COLOUR('',#1635);
#1573=FILL_AREA_STYLE_COLOUR('',#32);
#1574=FILL_AREA_STYLE_COLOUR('',#32);
#1575=FILL_AREA_STYLE_COLOUR('',#32);
#1576=FILL_AREA_STYLE_COLOUR('',#32);
#1577=FILL_AREA_STYLE_COLOUR('',#32);
#1578=FILL_AREA_STYLE_COLOUR('',#32);
#1579=FILL_AREA_STYLE_COLOUR('',#32);
#1580=FILL_AREA_STYLE_COLOUR('',#32);
#1581=FILL_AREA_STYLE_COLOUR('',#32);
#1582=FILL_AREA_STYLE_COLOUR('',#32);
#1583=FILL_AREA_STYLE_COLOUR('',#32);
#1584=FILL_AREA_STYLE_COLOUR('',#32);
#1585=FILL_AREA_STYLE_COLOUR('',#32);
#1586=FILL_AREA_STYLE_COLOUR('',#32);
#1587=FILL_AREA_STYLE_COLOUR('',#32);
#1588=FILL_AREA_STYLE_COLOUR('',#32);
#1589=FILL_AREA_STYLE_COLOUR('',#1635);
#1590=FILL_AREA_STYLE_COLOUR('',#32);
#1591=FILL_AREA_STYLE_COLOUR('',#32);
#1592=FILL_AREA_STYLE_COLOUR('',#32);
#1593=FILL_AREA_STYLE_COLOUR('',#32);
#1594=FILL_AREA_STYLE_COLOUR('',#32);
#1595=FILL_AREA_STYLE_COLOUR('',#32);
#1596=FILL_AREA_STYLE_COLOUR('',#32);
#1597=FILL_AREA_STYLE_COLOUR('',#32);
#1598=FILL_AREA_STYLE_COLOUR('',#32);
#1599=FILL_AREA_STYLE_COLOUR('',#32);
#1600=FILL_AREA_STYLE_COLOUR('',#32);
#1601=FILL_AREA_STYLE_COLOUR('',#32);
#1602=FILL_AREA_STYLE_COLOUR('',#32);
#1603=FILL_AREA_STYLE_COLOUR('',#32);
#1604=FILL_AREA_STYLE_COLOUR('',#32);
#1605=FILL_AREA_STYLE_COLOUR('',#32);
#1606=FILL_AREA_STYLE_COLOUR('',#1635);
#1607=FILL_AREA_STYLE_COLOUR('',#1635);
#1608=FILL_AREA_STYLE_COLOUR('',#1635);
#1609=FILL_AREA_STYLE_COLOUR('',#1635);
#1610=FILL_AREA_STYLE_COLOUR('',#1635);
#1611=FILL_AREA_STYLE_COLOUR('',#1635);
#1612=FILL_AREA_STYLE_COLOUR('',#1635);
#1613=FILL_AREA_STYLE_COLOUR('',#1635);
#1614=FILL_AREA_STYLE_COLOUR('',#1635);
#1615=FILL_AREA_STYLE_COLOUR('',#1635);
#1616=FILL_AREA_STYLE_COLOUR('',#1635);
#1617=FILL_AREA_STYLE_COLOUR('',#1635);
#1618=FILL_AREA_STYLE_COLOUR('',#32);
#1619=FILL_AREA_STYLE_COLOUR('',#1635);
#1620=FILL_AREA_STYLE_COLOUR('',#1635);
#1621=FILL_AREA_STYLE_COLOUR('',#1635);
#1622=FILL_AREA_STYLE_COLOUR('',#1635);
#1623=FILL_AREA_STYLE_COLOUR('',#1635);
#1624=FILL_AREA_STYLE_COLOUR('',#1635);
#1625=FILL_AREA_STYLE_COLOUR('',#1635);
#1626=FILL_AREA_STYLE_COLOUR('',#1635);
#1627=FILL_AREA_STYLE_COLOUR('',#1635);
#1628=FILL_AREA_STYLE_COLOUR('',#1635);
#1629=FILL_AREA_STYLE_COLOUR('',#1635);
#1630=FILL_AREA_STYLE_COLOUR('',#1635);
#1631=FILL_AREA_STYLE_COLOUR('',#33);
#1632=FILL_AREA_STYLE_COLOUR('',#33);
#1633=FILL_AREA_STYLE_COLOUR('',#33);
#1634=FILL_AREA_STYLE_COLOUR('',#1635);
#1635=DRAUGHTING_PRE_DEFINED_COLOUR('white');
#1636=ADVANCED_FACE('',(#1047),#1117,.T.);
#1637=ADVANCED_FACE('',(#1048),#1118,.T.);
#1638=ADVANCED_FACE('',(#1049),#1119,.T.);
#1639=ADVANCED_FACE('',(#1050),#1120,.T.);
#1640=ADVANCED_FACE('',(#1051),#1121,.T.);
#1641=ADVANCED_FACE('',(#1052),#1122,.T.);
#1642=ADVANCED_FACE('',(#1053),#1123,.T.);
#1643=ADVANCED_FACE('',(#1054),#1124,.T.);
#1644=ADVANCED_FACE('',(#1055),#1125,.T.);
#1645=ADVANCED_FACE('',(#1056),#1126,.T.);
#1646=ADVANCED_FACE('',(#1057),#1127,.F.);
#1647=ADVANCED_FACE('',(#1058),#1128,.F.);
#1648=ADVANCED_FACE('',(#1059),#1129,.T.);
#1649=ADVANCED_FACE('',(#1060),#1130,.F.);
#1650=ADVANCED_FACE('',(#1061),#1131,.F.);
#1651=ADVANCED_FACE('',(#1062),#1132,.F.);
#1652=ADVANCED_FACE('',(#1063),#1133,.F.);
#1653=ADVANCED_FACE('',(#1064),#1134,.F.);
#1654=ADVANCED_FACE('',(#1065),#1135,.F.);
#1655=ADVANCED_FACE('',(#1066),#1136,.F.);
#1656=ADVANCED_FACE('',(#1067),#1137,.T.);
#1657=ADVANCED_FACE('',(#1068),#1138,.F.);
#1658=ADVANCED_FACE('',(#1069),#1139,.F.);
#1659=ADVANCED_FACE('',(#1070),#1140,.F.);
#1660=ADVANCED_FACE('',(#1071),#1141,.F.);
#1661=ADVANCED_FACE('',(#1072),#1142,.F.);
#1662=ADVANCED_FACE('',(#1073),#1143,.F.);
#1663=ADVANCED_FACE('',(#1074),#1144,.F.);
#1664=ADVANCED_FACE('',(#1075),#1145,.T.);
#1665=ADVANCED_FACE('',(#1076),#1146,.T.);
#1666=ADVANCED_FACE('',(#1077),#1147,.T.);
#1667=ADVANCED_FACE('',(#1078),#1148,.T.);
#1668=ADVANCED_FACE('',(#1079),#1149,.T.);
#1669=ADVANCED_FACE('',(#1080),#1150,.T.);
#1670=ADVANCED_FACE('',(#1081),#1151,.T.);
#1671=ADVANCED_FACE('',(#1082),#1152,.F.);
#1672=ADVANCED_FACE('',(#1083),#1153,.F.);
#1673=ADVANCED_FACE('',(#1084),#1154,.T.);
#1674=ADVANCED_FACE('',(#1085),#1155,.T.);
#1675=ADVANCED_FACE('',(#1086),#1156,.T.);
#1676=ADVANCED_FACE('',(#1087),#1157,.T.);
#1677=ADVANCED_FACE('',(#1088),#1158,.T.);
#1678=ADVANCED_FACE('',(#1089),#1159,.T.);
#1679=ADVANCED_FACE('',(#1090),#1160,.T.);
#1680=ADVANCED_FACE('',(#1091),#1161,.T.);
#1681=ADVANCED_FACE('',(#1092),#1162,.F.);
#1682=ADVANCED_FACE('',(#1093),#1163,.F.);
#1683=ADVANCED_FACE('',(#1094),#1164,.F.);
#1684=ADVANCED_FACE('',(#1095),#1165,.F.);
#1685=ADVANCED_FACE('',(#1096),#1166,.F.);
#1686=ADVANCED_FACE('',(#1097),#1167,.F.);
#1687=ADVANCED_FACE('',(#1098),#1168,.F.);
#1688=ADVANCED_FACE('',(#1099),#1169,.F.);
#1689=ADVANCED_FACE('',(#1100),#1170,.T.);
#1690=ADVANCED_FACE('',(#1101),#1171,.F.);
#1691=ADVANCED_FACE('',(#1102),#1172,.T.);
#1692=ADVANCED_FACE('',(#1103),#1173,.T.);
#1693=ADVANCED_FACE('',(#1104),#1174,.T.);
#1694=ADVANCED_FACE('',(#1105),#1175,.T.);
#1695=ADVANCED_FACE('',(#1106),#1176,.T.);
#1696=ADVANCED_FACE('',(#1107,#1108),#1177,.F.);
#1697=ADVANCED_FACE('',(#1109,#1110),#25,.T.);
#1698=ADVANCED_FACE('',(#1111,#1112),#1178,.T.);
#1699=ADVANCED_FACE('',(#1113,#1114),#20,.T.);
#1700=ADVANCED_FACE('',(#1115,#1116),#1179,.T.);
#1701=CLOSED_SHELL('',(#1636,#1637,#1638,#1639,#1640,#1641,#1642,#1643,
#1644,#1645,#1646,#1647,#1648,#1649,#1650,#1651,#1652,#1653,#1654,#1655,
#1656,#1657,#1658,#1659,#1660,#1661,#1662,#1663,#1664,#1665,#1666,#1667,
#1668,#1669,#1670,#1671,#1672,#1673,#1674,#1675,#1676,#1677,#1678,#1679,
#1680,#1681,#1682,#1683,#1684,#1685,#1686,#1687,#1688,#1689,#1690,#1691,
#1692,#1693,#1694,#1695,#1696,#1697,#1698,#1699,#1700));
#1702=MANIFOLD_SOLID_BREP('',#1701);
#1703=SHAPE_DEFINITION_REPRESENTATION(#2427,#1704);
#1704=SHAPE_REPRESENTATION('IN-P36ATEUW.56',(#1705),#2422);
#1705=AXIS2_PLACEMENT_3D('',#2077,#1774,#1775);
#1706=AXIS2_PLACEMENT_3D('',#2078,#1776,#1777);
#1707=AXIS2_PLACEMENT_3D('',#2087,#1782,#1783);
#1708=AXIS2_PLACEMENT_3D('',#2096,#1788,#1789);
#1709=AXIS2_PLACEMENT_3D('',#2107,#1796,#1797);
#1710=AXIS2_PLACEMENT_3D('',#2116,#1802,#1803);
#1711=AXIS2_PLACEMENT_3D('',#2122,#1807,#1808);
#1712=AXIS2_PLACEMENT_3D('',#2128,#1812,#1813);
#1713=AXIS2_PLACEMENT_3D('',#2134,#1817,#1818);
#1714=AXIS2_PLACEMENT_3D('',#2143,#1823,#1824);
#1715=AXIS2_PLACEMENT_3D('',#2146,#1827,#1828);
#1716=AXIS2_PLACEMENT_3D('',#2148,#1830,#1831);
#1717=AXIS2_PLACEMENT_3D('',#2150,#1833,#1834);
#1718=AXIS2_PLACEMENT_3D('',#2165,#1842,#1843);
#1719=AXIS2_PLACEMENT_3D('',#2180,#1851,#1852);
#1720=AXIS2_PLACEMENT_3D('',#2183,#1855,#1856);
#1721=AXIS2_PLACEMENT_3D('',#2185,#1858,#1859);
#1722=AXIS2_PLACEMENT_3D('',#2187,#1861,#1862);
#1723=AXIS2_PLACEMENT_3D('',#2189,#1864,#1865);
#1724=AXIS2_PLACEMENT_3D('',#2191,#1867,#1868);
#1725=AXIS2_PLACEMENT_3D('',#2193,#1870,#1871);
#1726=AXIS2_PLACEMENT_3D('',#2211,#1881,#1882);
#1727=AXIS2_PLACEMENT_3D('',#2223,#1889,#1890);
#1728=AXIS2_PLACEMENT_3D('',#2229,#1894,#1895);
#1729=AXIS2_PLACEMENT_3D('',#2233,#1898,#1899);
#1730=AXIS2_PLACEMENT_3D('',#2237,#1902,#1903);
#1731=AXIS2_PLACEMENT_3D('',#2241,#1906,#1907);
#1732=AXIS2_PLACEMENT_3D('',#2243,#1909,#1910);
#1733=AXIS2_PLACEMENT_3D('',#2246,#1913,#1914);
#1734=AXIS2_PLACEMENT_3D('',#2247,#1915,#1916);
#1735=AXIS2_PLACEMENT_3D('',#2262,#1924,#1925);
#1736=AXIS2_PLACEMENT_3D('',#2268,#1929,#1930);
#1737=AXIS2_PLACEMENT_3D('',#2272,#1933,#1934);
#1738=AXIS2_PLACEMENT_3D('',#2276,#1937,#1938);
#1739=AXIS2_PLACEMENT_3D('',#2280,#1941,#1942);
#1740=AXIS2_PLACEMENT_3D('',#2284,#1945,#1946);
#1741=AXIS2_PLACEMENT_3D('',#2288,#1949,#1950);
#1742=AXIS2_PLACEMENT_3D('',#2290,#1952,#1953);
#1743=AXIS2_PLACEMENT_3D('',#2301,#1960,#1961);
#1744=AXIS2_PLACEMENT_3D('',#2307,#1965,#1966);
#1745=AXIS2_PLACEMENT_3D('',#2311,#1969,#1970);
#1746=AXIS2_PLACEMENT_3D('',#2315,#1973,#1974);
#1747=AXIS2_PLACEMENT_3D('',#2321,#1978,#1979);
#1748=AXIS2_PLACEMENT_3D('',#2327,#1983,#1984);
#1749=AXIS2_PLACEMENT_3D('',#2333,#1988,#1989);
#1750=AXIS2_PLACEMENT_3D('',#2339,#1993,#1994);
#1751=AXIS2_PLACEMENT_3D('',#2342,#1997,#1998);
#1752=AXIS2_PLACEMENT_3D('',#2344,#2000,#2001);
#1753=AXIS2_PLACEMENT_3D('',#2347,#2004,#2005);
#1754=AXIS2_PLACEMENT_3D('',#2350,#2008,#2009);
#1755=AXIS2_PLACEMENT_3D('',#2356,#2013,#2014);
#1756=AXIS2_PLACEMENT_3D('',#2362,#2018,#2019);
#1757=AXIS2_PLACEMENT_3D('',#2368,#2023,#2024);
#1758=AXIS2_PLACEMENT_3D('',#2374,#2028,#2029);
#1759=AXIS2_PLACEMENT_3D('',#2377,#2032,#2033);
#1760=AXIS2_PLACEMENT_3D('',#2378,#2034,#2035);
#1761=AXIS2_PLACEMENT_3D('',#2379,#2036,#2037);
#1762=AXIS2_PLACEMENT_3D('',#2388,#2042,#2043);
#1763=AXIS2_PLACEMENT_3D('',#2394,#2047,#2048);
#1764=AXIS2_PLACEMENT_3D('',#2400,#2052,#2053);
#1765=AXIS2_PLACEMENT_3D('',#2406,#2057,#2058);
#1766=AXIS2_PLACEMENT_3D('',#2409,#2061,#2062);
#1767=AXIS2_PLACEMENT_3D('',#2410,#2063,#2064);
#1768=AXIS2_PLACEMENT_3D('',#2411,#2065,#2066);
#1769=AXIS2_PLACEMENT_3D('',#2414,#2067,#2068);
#1770=AXIS2_PLACEMENT_3D('',#2415,#2069,#2070);
#1771=AXIS2_PLACEMENT_3D('',#2417,#2071,#2072);
#1772=AXIS2_PLACEMENT_3D('',#2418,#2073,#2074);
#1773=AXIS2_PLACEMENT_3D('',#2420,#2075,#2076);
#1774=DIRECTION('',(0.,0.,1.));
#1775=DIRECTION('',(1.,0.,0.));
#1776=DIRECTION('',(1.,0.,0.));
#1777=DIRECTION('',(0.,0.,-1.));
#1778=DIRECTION('',(0.,0.,-1.));
#1779=DIRECTION('',(0.,-1.,0.));
#1780=DIRECTION('',(0.,0.,-1.));
#1781=DIRECTION('',(0.,1.,0.));
#1782=DIRECTION('',(-1.,0.,1.38953124782584E-15));
#1783=DIRECTION('',(1.38953124782584E-15,0.,1.));
#1784=DIRECTION('',(1.38953124782584E-15,0.,1.));
#1785=DIRECTION('',(0.,1.,0.));
#1786=DIRECTION('',(1.38953124782584E-15,0.,1.));
#1787=DIRECTION('',(0.,1.,0.));
#1788=DIRECTION('',(0.,1.,0.));
#1789=DIRECTION('',(0.,0.,1.));
#1790=DIRECTION('',(1.,0.,-2.4093381610789E-16));
#1791=DIRECTION('',(-1.,0.,0.));
#1792=DIRECTION('',(0.,0.,1.));
#1793=DIRECTION('',(-1.,0.,1.3014231935009E-16));
#1794=DIRECTION('',(0.,0.,-1.));
#1795=DIRECTION('',(-1.,0.,0.));
#1796=DIRECTION('',(1.,0.,0.));
#1797=DIRECTION('',(0.,0.,-1.));
#1798=DIRECTION('',(0.,0.,-1.));
#1799=DIRECTION('',(0.,1.,0.));
#1800=DIRECTION('',(0.,0.,-1.));
#1801=DIRECTION('',(0.,1.,0.));
#1802=DIRECTION('',(1.05661783645445E-15,0.,-1.));
#1803=DIRECTION('',(-1.,0.,-1.05661783645445E-15));
#1804=DIRECTION('',(-1.,0.,-1.05661783645445E-15));
#1805=DIRECTION('',(-1.,0.,-1.05661783645445E-15));
#1806=DIRECTION('',(0.,1.,0.));
#1807=DIRECTION('',(-1.,0.,-2.21643200666001E-16));
#1808=DIRECTION('',(-2.21643200666001E-16,0.,1.));
#1809=DIRECTION('',(-2.21643200666001E-16,0.,1.));
#1810=DIRECTION('',(-2.21643200666001E-16,0.,1.));
#1811=DIRECTION('',(0.,1.,0.));
#1812=DIRECTION('',(-1.78093081285151E-14,0.,1.));
#1813=DIRECTION('',(1.,0.,1.78093081285151E-14));
#1814=DIRECTION('',(0.,1.,0.));
#1815=DIRECTION('',(1.,0.,1.78093081285151E-14));
#1816=DIRECTION('',(1.,0.,0.));
#1817=DIRECTION('',(1.,0.,0.));
#1818=DIRECTION('',(0.,0.,-1.));
#1819=DIRECTION('',(0.,1.,0.));
#1820=DIRECTION('',(0.,0.,-1.));
#1821=DIRECTION('',(0.,1.,0.));
#1822=DIRECTION('',(0.,0.,-1.));
#1823=DIRECTION('',(1.1753669065612E-16,0.,1.));
#1824=DIRECTION('',(1.,0.,-1.1753669065612E-16));
#1825=DIRECTION('',(1.,0.,-1.1753669065612E-16));
#1826=DIRECTION('',(1.,0.,-1.1753669065612E-16));
#1827=DIRECTION('',(0.,1.,0.));
#1828=DIRECTION('',(0.,0.,1.));
#1829=DIRECTION('',(-0.199123832112379,0.,0.97997433613584));
#1830=DIRECTION('',(0.,1.,0.));
#1831=DIRECTION('',(0.,0.,1.));
#1832=DIRECTION('',(-0.199123832112379,0.,0.97997433613584));
#1833=DIRECTION('',(0.,1.,0.));
#1834=DIRECTION('',(0.,0.,1.));
#1835=DIRECTION('',(-1.,0.,0.));
#1836=DIRECTION('',(-0.199123832112379,0.,-0.979974336135841));
#1837=DIRECTION('',(0.,0.,-1.));
#1838=DIRECTION('',(-1.,0.,-1.1753669065612E-16));
#1839=DIRECTION('',(0.,0.,-1.));
#1840=DIRECTION('',(1.,0.,1.22464679914735E-16));
#1841=DIRECTION('',(0.,0.,1.));
#1842=DIRECTION('',(0.,1.,0.));
#1843=DIRECTION('',(0.,0.,1.));
#1844=DIRECTION('',(-0.199123832112379,0.,-0.979974336135841));
#1845=DIRECTION('',(-1.,0.,0.));
#1846=DIRECTION('',(0.,0.,1.));
#1847=DIRECTION('',(1.,0.,1.22464679914735E-16));
#1848=DIRECTION('',(0.,0.,-1.));
#1849=DIRECTION('',(-1.,0.,-1.1753669065612E-16));
#1850=DIRECTION('',(0.,0.,-1.));
#1851=DIRECTION('',(0.,0.,-1.));
#1852=DIRECTION('',(-1.,0.,0.));
#1853=DIRECTION('',(0.,1.,0.));
#1854=DIRECTION('',(0.,1.,0.));
#1855=DIRECTION('',(-1.,0.,0.));
#1856=DIRECTION('',(0.,0.,1.));
#1857=DIRECTION('',(0.,1.,0.));
#1858=DIRECTION('',(-1.22464679914735E-16,0.,1.));
#1859=DIRECTION('',(1.,0.,1.22464679914735E-16));
#1860=DIRECTION('',(0.,1.,0.));
#1861=DIRECTION('',(1.,0.,0.));
#1862=DIRECTION('',(0.,0.,-1.));
#1863=DIRECTION('',(0.,1.,0.));
#1864=DIRECTION('',(1.1753669065612E-16,0.,-1.));
#1865=DIRECTION('',(-1.,0.,-1.1753669065612E-16));
#1866=DIRECTION('',(0.,1.,0.));
#1867=DIRECTION('',(1.,0.,0.));
#1868=DIRECTION('',(0.,0.,-1.));
#1869=DIRECTION('',(0.,1.,0.));
#1870=DIRECTION('',(-0.979974336135841,0.,0.199123832112379));
#1871=DIRECTION('',(0.199123832112379,0.,0.979974336135841));
#1872=DIRECTION('',(0.,1.,0.));
#1873=DIRECTION('',(0.199123832112379,0.,0.979974336135841));
#1874=DIRECTION('',(0.,1.,0.));
#1875=DIRECTION('',(0.199123832112379,0.,0.979974336135841));
#1876=DIRECTION('',(0.,1.,0.));
#1877=DIRECTION('',(-0.199123832112379,0.,-0.979974336135841));
#1878=DIRECTION('',(0.,1.,0.));
#1879=DIRECTION('',(-0.199123832112379,0.,-0.979974336135841));
#1880=DIRECTION('',(0.,1.,0.));
#1881=DIRECTION('',(0.,1.,0.));
#1882=DIRECTION('',(0.,0.,1.));
#1883=DIRECTION('',(-1.,0.,0.));
#1884=DIRECTION('',(0.,0.,1.));
#1885=DIRECTION('',(1.,0.,1.22464679914735E-16));
#1886=DIRECTION('',(0.,0.,-1.));
#1887=DIRECTION('',(-1.,0.,-1.1753669065612E-16));
#1888=DIRECTION('',(0.,0.,-1.));
#1889=DIRECTION('',(-1.,0.,0.));
#1890=DIRECTION('',(0.,0.,1.));
#1891=DIRECTION('',(0.,1.,0.));
#1892=DIRECTION('',(0.,0.,1.));
#1893=DIRECTION('',(0.,1.,0.));
#1894=DIRECTION('',(-1.22464679914735E-16,0.,1.));
#1895=DIRECTION('',(1.,0.,1.22464679914735E-16));
#1896=DIRECTION('',(1.,0.,1.22464679914735E-16));
#1897=DIRECTION('',(0.,1.,0.));
#1898=DIRECTION('',(1.,0.,0.));
#1899=DIRECTION('',(0.,0.,-1.));
#1900=DIRECTION('',(0.,0.,-1.));
#1901=DIRECTION('',(0.,1.,0.));
#1902=DIRECTION('',(1.1753669065612E-16,0.,-1.));
#1903=DIRECTION('',(-1.,0.,-1.1753669065612E-16));
#1904=DIRECTION('',(-1.,0.,-1.1753669065612E-16));
#1905=DIRECTION('',(0.,1.,0.));
#1906=DIRECTION('',(1.,0.,0.));
#1907=DIRECTION('',(0.,0.,-1.));
#1908=DIRECTION('',(0.,0.,-1.));
#1909=DIRECTION('',(0.,0.,-1.));
#1910=DIRECTION('',(-1.,0.,0.));
#1911=DIRECTION('',(0.,1.,0.));
#1912=DIRECTION('',(-1.,0.,0.));
#1913=DIRECTION('',(0.,1.,0.));
#1914=DIRECTION('',(0.,0.,1.));
#1915=DIRECTION('',(0.,1.,0.));
#1916=DIRECTION('',(0.,0.,1.));
#1917=DIRECTION('',(-0.199123832112379,0.,0.97997433613584));
#1918=DIRECTION('',(0.,0.,-1.));
#1919=DIRECTION('',(1.,0.,-1.1753669065612E-16));
#1920=DIRECTION('',(0.,0.,-1.));
#1921=DIRECTION('',(-1.,0.,-1.05661783645445E-15));
#1922=DIRECTION('',(-2.21643200666001E-16,0.,1.));
#1923=DIRECTION('',(1.,0.,1.78093081285151E-14));
#1924=DIRECTION('',(1.1753669065612E-16,0.,1.));
#1925=DIRECTION('',(1.,0.,-1.1753669065612E-16));
#1926=DIRECTION('',(0.,1.,0.));
#1927=DIRECTION('',(1.,0.,-1.1753669065612E-16));
#1928=DIRECTION('',(0.,1.,0.));
#1929=DIRECTION('',(1.,0.,0.));
#1930=DIRECTION('',(0.,0.,-1.));
#1931=DIRECTION('',(0.,0.,-1.));
#1932=DIRECTION('',(0.,1.,0.));
#1933=DIRECTION('',(1.05661783645445E-15,0.,-1.));
#1934=DIRECTION('',(-1.,0.,-1.05661783645445E-15));
#1935=DIRECTION('',(-1.,0.,-1.05661783645445E-15));
#1936=DIRECTION('',(0.,1.,0.));
#1937=DIRECTION('',(-1.,0.,-2.21643200666001E-16));
#1938=DIRECTION('',(-2.21643200666001E-16,0.,1.));
#1939=DIRECTION('',(-2.21643200666001E-16,0.,1.));
#1940=DIRECTION('',(0.,1.,0.));
#1941=DIRECTION('',(-1.78093081285151E-14,0.,1.));
#1942=DIRECTION('',(1.,0.,1.78093081285151E-14));
#1943=DIRECTION('',(0.,1.,0.));
#1944=DIRECTION('',(1.,0.,0.));
#1945=DIRECTION('',(1.,0.,0.));
#1946=DIRECTION('',(0.,0.,-1.));
#1947=DIRECTION('',(0.,1.,0.));
#1948=DIRECTION('',(0.,0.,-1.));
#1949=DIRECTION('',(0.,1.,0.));
#1950=DIRECTION('',(0.,0.,1.));
#1951=DIRECTION('',(-0.199123832112379,0.,0.97997433613584));
#1952=DIRECTION('',(0.97997433613584,0.,0.199123832112379));
#1953=DIRECTION('',(0.199123832112379,0.,-0.97997433613584));
#1954=DIRECTION('',(0.,1.,0.));
#1955=DIRECTION('',(0.,1.,0.));
#1956=DIRECTION('',(0.199123832112379,0.,-0.97997433613584));
#1957=DIRECTION('',(0.,1.,0.));
#1958=DIRECTION('',(0.199123832112379,0.,-0.97997433613584));
#1959=DIRECTION('',(0.,1.,0.));
#1960=DIRECTION('',(-1.,0.,0.));
#1961=DIRECTION('',(0.,0.,1.));
#1962=DIRECTION('',(0.,1.,0.));
#1963=DIRECTION('',(2.28653027585551E-16,0.,1.));
#1964=DIRECTION('',(0.,1.,0.));
#1965=DIRECTION('',(-1.3014231935009E-16,0.,-1.));
#1966=DIRECTION('',(-1.,0.,1.3014231935009E-16));
#1967=DIRECTION('',(-1.,0.,1.3014231935009E-16));
#1968=DIRECTION('',(0.,1.,0.));
#1969=DIRECTION('',(1.,0.,0.));
#1970=DIRECTION('',(0.,0.,-1.));
#1971=DIRECTION('',(-2.28653027585551E-16,0.,-1.));
#1972=DIRECTION('',(0.,1.,0.));
#1973=DIRECTION('',(0.,0.,-1.));
#1974=DIRECTION('',(-1.,0.,0.));
#1975=DIRECTION('',(-1.,0.,0.));
#1976=DIRECTION('',(0.,1.,0.));
#1977=DIRECTION('',(0.,1.,0.));
#1978=DIRECTION('',(-1.,0.,0.));
#1979=DIRECTION('',(0.,0.,1.));
#1980=DIRECTION('',(2.28653027585551E-16,0.,1.));
#1981=DIRECTION('',(0.,0.,1.));
#1982=DIRECTION('',(0.,1.,0.));
#1983=DIRECTION('',(-1.3014231935009E-16,0.,-1.));
#1984=DIRECTION('',(-1.,0.,1.3014231935009E-16));
#1985=DIRECTION('',(-1.,0.,1.3014231935009E-16));
#1986=DIRECTION('',(-1.,0.,-1.3014231935009E-16));
#1987=DIRECTION('',(0.,1.,0.));
#1988=DIRECTION('',(1.,0.,0.));
#1989=DIRECTION('',(0.,0.,-1.));
#1990=DIRECTION('',(-2.28653027585551E-16,0.,-1.));
#1991=DIRECTION('',(0.,0.,-1.));
#1992=DIRECTION('',(0.,1.,0.));
#1993=DIRECTION('',(0.,0.,-1.));
#1994=DIRECTION('',(-1.,0.,0.));
#1995=DIRECTION('',(0.,1.,0.));
#1996=DIRECTION('',(-1.,0.,0.));
#1997=DIRECTION('',(0.,1.,0.));
#1998=DIRECTION('',(0.,0.,1.));
#1999=DIRECTION('',(-1.,0.,2.4093381610789E-16));
#2000=DIRECTION('',(1.,0.,-2.28653027585551E-16));
#2001=DIRECTION('',(-2.28653027585551E-16,0.,-1.));
#2002=DIRECTION('',(-2.28653027585551E-16,0.,-1.));
#2003=DIRECTION('',(-2.28653027585551E-16,0.,-1.));
#2004=DIRECTION('',(-1.,0.,2.28653027585551E-16));
#2005=DIRECTION('',(2.28653027585551E-16,0.,1.));
#2006=DIRECTION('',(2.28653027585551E-16,0.,1.));
#2007=DIRECTION('',(2.28653027585551E-16,0.,1.));
#2008=DIRECTION('',(0.,0.,1.));
#2009=DIRECTION('',(1.,0.,0.));
#2010=DIRECTION('',(1.,0.,0.));
#2011=DIRECTION('',(0.,1.,0.));
#2012=DIRECTION('',(1.,0.,0.));
#2013=DIRECTION('',(0.939021791142298,0.,0.343857638798254));
#2014=DIRECTION('',(0.343857638798254,0.,-0.939021791142298));
#2015=DIRECTION('',(0.343857638798254,0.,-0.939021791142298));
#2016=DIRECTION('',(0.,1.,0.));
#2017=DIRECTION('',(0.343857638798254,0.,-0.939021791142298));
#2018=DIRECTION('',(-3.88639134189531E-18,0.,1.));
#2019=DIRECTION('',(1.,0.,3.88639134189531E-18));
#2020=DIRECTION('',(1.,0.,3.88639134189531E-18));
#2021=DIRECTION('',(0.,1.,0.));
#2022=DIRECTION('',(1.,0.,3.88639134189531E-18));
#2023=DIRECTION('',(-0.939021791142298,0.,0.343857638798254));
#2024=DIRECTION('',(0.343857638798254,0.,0.939021791142298));
#2025=DIRECTION('',(0.343857638798254,0.,0.939021791142298));
#2026=DIRECTION('',(0.,1.,0.));
#2027=DIRECTION('',(0.343857638798254,0.,0.939021791142298));
#2028=DIRECTION('',(0.,0.,1.));
#2029=DIRECTION('',(1.,0.,0.));
#2030=DIRECTION('',(1.,0.,0.));
#2031=DIRECTION('',(1.,0.,0.));
#2032=DIRECTION('',(0.,-1.,0.));
#2033=DIRECTION('',(0.,0.,-1.));
#2034=DIRECTION('',(0.,-1.,0.));
#2035=DIRECTION('',(0.,0.,-1.));
#2036=DIRECTION('',(1.,0.,-2.4093381610789E-16));
#2037=DIRECTION('',(-2.4093381610789E-16,0.,-1.));
#2038=DIRECTION('',(-2.4093381610789E-16,0.,-1.));
#2039=DIRECTION('',(0.,-1.,0.));
#2040=DIRECTION('',(-2.4093381610789E-16,0.,-1.));
#2041=DIRECTION('',(0.,1.,0.));
#2042=DIRECTION('',(0.,1.,0.));
#2043=DIRECTION('',(0.,0.,1.));
#2044=DIRECTION('',(1.,0.,-2.4093381610789E-16));
#2045=DIRECTION('',(-2.4093381610789E-16,0.,-1.));
#2046=DIRECTION('',(-1.,0.,2.4093381610789E-16));
#2047=DIRECTION('',(-1.,0.,2.4093381610789E-16));
#2048=DIRECTION('',(2.4093381610789E-16,0.,1.));
#2049=DIRECTION('',(0.,1.,0.));
#2050=DIRECTION('',(-2.4093381610789E-16,0.,-1.));
#2051=DIRECTION('',(0.,-1.,0.));
#2052=DIRECTION('',(0.,-1.,0.));
#2053=DIRECTION('',(0.,0.,-1.));
#2054=DIRECTION('',(-1.,0.,2.4093381610789E-16));
#2055=DIRECTION('',(-2.4093381610789E-16,0.,-1.));
#2056=DIRECTION('',(1.,0.,-2.4093381610789E-16));
#2057=DIRECTION('',(0.685356949129977,-0.728207286615047,-1.65125665149946E-16));
#2058=DIRECTION('',(0.728207286615047,0.685356949129977,0.));
#2059=DIRECTION('',(-0.728207286615048,-0.685356949129977,1.75449760481735E-16));
#2060=DIRECTION('',(0.728207286615047,0.685356949129977,-1.75449760481735E-16));
#2061=DIRECTION('',(-2.4093381610789E-16,0.,-1.));
#2062=DIRECTION('',(-1.,0.,2.4093381610789E-16));
#2063=DIRECTION('',(-3.08048263296215E-16,0.,1.));
#2064=DIRECTION('',(1.,0.,3.08048263296215E-16));
#2065=DIRECTION('',(-3.08048263296215E-16,0.,1.));
#2066=DIRECTION('',(1.,0.,3.08048263296215E-16));
#2067=DIRECTION('',(3.08048263296215E-16,0.,-1.));
#2068=DIRECTION('',(-1.,0.,-3.08048263296215E-16));
#2069=DIRECTION('',(-3.08048263296215E-16,0.,1.));
#2070=DIRECTION('',(1.,0.,3.08048263296215E-16));
#2071=DIRECTION('',(-3.08048263296215E-16,0.,1.));
#2072=DIRECTION('',(1.,0.,3.08048263296215E-16));
#2073=DIRECTION('',(2.4093381610789E-16,0.,1.));
#2074=DIRECTION('',(1.,0.,-2.4093381610789E-16));
#2075=DIRECTION('',(2.4093381610789E-16,0.,1.));
#2076=DIRECTION('',(1.,0.,-2.4093381610789E-16));
#2077=CARTESIAN_POINT('',(0.,0.,0.));
#2078=CARTESIAN_POINT('',(1.8,-1.55,2.09216583676311));
#2079=CARTESIAN_POINT('',(1.8,1.55,2.09216583676311));
#2080=CARTESIAN_POINT('',(1.8,1.55,2.00450118722049));
#2081=CARTESIAN_POINT('',(1.8,1.55,1.78005995956692));
#2082=CARTESIAN_POINT('',(1.8,-1.55,2.00450118722049));
#2083=CARTESIAN_POINT('',(1.8,-1.55,2.00450118722049));
#2084=CARTESIAN_POINT('',(1.8,-1.55,2.09216583676311));
#2085=CARTESIAN_POINT('',(1.8,-1.55,1.78005995956692));
#2086=CARTESIAN_POINT('',(1.8,-1.55,1.78005995956692));
#2087=CARTESIAN_POINT('',(-1.8,-1.55,1.78005995956692));
#2088=CARTESIAN_POINT('',(-1.8,-1.55,1.78005995956692));
#2089=CARTESIAN_POINT('',(-1.8,-1.55,1.78005995956692));
#2090=CARTESIAN_POINT('',(-1.8,-1.55,2.00450118722049));
#2091=CARTESIAN_POINT('',(-1.8,-1.55,2.00450118722049));
#2092=CARTESIAN_POINT('',(-1.8,1.55,2.00450118722049));
#2093=CARTESIAN_POINT('',(-1.8,1.55,1.78005995956692));
#2094=CARTESIAN_POINT('',(-1.8,1.55,1.78005995956692));
#2095=CARTESIAN_POINT('',(-1.8,-1.55,1.78005995956692));
#2096=CARTESIAN_POINT('',(0.,1.55,0.));
#2097=CARTESIAN_POINT('',(-1.8,1.55,2.00450118722049));
#2098=CARTESIAN_POINT('',(1.8,1.55,1.78005995956692));
#2099=CARTESIAN_POINT('',(1.66617926881869,1.55,1.78005995956692));
#2100=CARTESIAN_POINT('',(1.66617926881869,1.55,1.78005995956692));
#2101=CARTESIAN_POINT('',(1.66617926881869,1.55,1.92666944002257));
#2102=CARTESIAN_POINT('',(-1.66617926881869,1.55,1.92666944002257));
#2103=CARTESIAN_POINT('',(-1.66617926881869,1.55,1.92666944002257));
#2104=CARTESIAN_POINT('',(-1.66617926881869,1.55,1.78005995956692));
#2105=CARTESIAN_POINT('',(-1.66617926881869,1.55,1.78005995956692));
#2106=CARTESIAN_POINT('',(-1.8,1.55,1.78005995956692));
#2107=CARTESIAN_POINT('',(-0.95,-1.1,0.158279303025747));
#2108=CARTESIAN_POINT('',(-0.95,-0.4,0.158279303025747));
#2109=CARTESIAN_POINT('',(-0.95,-0.4,0.158279303025747));
#2110=CARTESIAN_POINT('',(-0.95,-0.4,-1.62630325872826E-16));
#2111=CARTESIAN_POINT('',(-0.95,-1.1,0.158279303025747));
#2112=CARTESIAN_POINT('',(-0.95,-1.1,0.158279303025747));
#2113=CARTESIAN_POINT('',(-0.95,-1.1,0.158279303025747));
#2114=CARTESIAN_POINT('',(-0.95,-1.1,-1.62630325872826E-16));
#2115=CARTESIAN_POINT('',(-0.95,-1.1,-1.62630325872826E-16));
#2116=CARTESIAN_POINT('',(-0.95,-1.1,-1.62630325872826E-16));
#2117=CARTESIAN_POINT('',(-0.95,-0.4,-1.62630325872826E-16));
#2118=CARTESIAN_POINT('',(-1.75,-0.4,-1.00792459503638E-15));
#2119=CARTESIAN_POINT('',(-0.95,-1.1,-1.62630325872826E-16));
#2120=CARTESIAN_POINT('',(-1.75,-1.1,-1.00792459503638E-15));
#2121=CARTESIAN_POINT('',(-1.75,-1.1,-1.00792459503638E-15));
#2122=CARTESIAN_POINT('',(-1.75,-1.1,-1.00792459503638E-15));
#2123=CARTESIAN_POINT('',(-1.75,-0.4,-1.00792459503638E-15));
#2124=CARTESIAN_POINT('',(-1.75,-0.4,0.97833109179768));
#2125=CARTESIAN_POINT('',(-1.75,-1.1,-1.00792459503638E-15));
#2126=CARTESIAN_POINT('',(-1.75,-1.1,0.97833109179768));
#2127=CARTESIAN_POINT('',(-1.75,-1.1,0.97833109179768));
#2128=CARTESIAN_POINT('',(-1.66617926881869,-1.1,0.97833109179768));
#2129=CARTESIAN_POINT('',(-1.66617926881869,-1.42,0.97833109179768));
#2130=CARTESIAN_POINT('',(-1.66617926881869,-1.1,0.97833109179768));
#2131=CARTESIAN_POINT('',(-1.66617926881869,-0.4,0.97833109179768));
#2132=CARTESIAN_POINT('',(-1.66617926881869,-0.4,0.97833109179768));
#2133=CARTESIAN_POINT('',(-1.75,-1.1,0.97833109179768));
#2134=CARTESIAN_POINT('',(-1.64182790907665,-1.1,0.97833109179768));
#2135=CARTESIAN_POINT('',(-1.64182790907665,-2.17,0.858487538446733));
#2136=CARTESIAN_POINT('',(-1.64182790907665,-1.1,0.858487538446733));
#2137=CARTESIAN_POINT('',(-1.64182790907665,-0.4,0.858487538446733));
#2138=CARTESIAN_POINT('',(-1.64182790907665,-1.1,0.97833109179768));
#2139=CARTESIAN_POINT('',(-1.64182790907665,-1.1,0.158279303025747));
#2140=CARTESIAN_POINT('',(-1.64182790907665,-1.1,0.158279303025747));
#2141=CARTESIAN_POINT('',(-1.64182790907665,-0.4,0.158279303025747));
#2142=CARTESIAN_POINT('',(-1.64182790907665,-0.4,0.97833109179768));
#2143=CARTESIAN_POINT('',(-1.64182790907665,-1.1,0.158279303025747));
#2144=CARTESIAN_POINT('',(-1.64182790907665,-0.4,0.158279303025747));
#2145=CARTESIAN_POINT('',(-1.64182790907665,-1.1,0.158279303025747));
#2146=CARTESIAN_POINT('',(0.,-0.4,0.));
#2147=CARTESIAN_POINT('',(-1.66617926881869,-0.4,0.97833109179768));
#2148=CARTESIAN_POINT('',(0.,-1.1,0.));
#2149=CARTESIAN_POINT('',(-1.66617926881869,-1.1,0.97833109179768));
#2150=CARTESIAN_POINT('',(0.,-1.1,0.));
#2151=CARTESIAN_POINT('',(1.64182790907665,-1.1,0.97833109179768));
#2152=CARTESIAN_POINT('',(1.75,-1.1,0.97833109179768));
#2153=CARTESIAN_POINT('',(1.66617926881869,-1.1,0.97833109179768));
#2154=CARTESIAN_POINT('',(1.66617926881869,-1.1,0.97833109179768));
#2155=CARTESIAN_POINT('',(1.64182790907665,-1.1,0.858487538446735));
#2156=CARTESIAN_POINT('',(1.64182790907665,-1.1,0.97833109179768));
#2157=CARTESIAN_POINT('',(1.64182790907665,-1.1,0.158279303025747));
#2158=CARTESIAN_POINT('',(1.64182790907665,-1.1,0.158279303025747));
#2159=CARTESIAN_POINT('',(0.95,-1.1,0.158279303025747));
#2160=CARTESIAN_POINT('',(0.95,-1.1,0.158279303025747));
#2161=CARTESIAN_POINT('',(0.95,-1.1,-6.7762635780344E-16));
#2162=CARTESIAN_POINT('',(1.75,-1.1,-5.7929821533481E-16));
#2163=CARTESIAN_POINT('',(1.75,-1.1,-5.7929821533481E-16));
#2164=CARTESIAN_POINT('',(1.75,-1.1,-5.7929821533481E-16));
#2165=CARTESIAN_POINT('',(0.,-0.4,0.));
#2166=CARTESIAN_POINT('',(1.66617926881869,-0.4,0.97833109179768));
#2167=CARTESIAN_POINT('',(1.66617926881869,-0.4,0.97833109179768));
#2168=CARTESIAN_POINT('',(1.64182790907665,-0.4,0.858487538446735));
#2169=CARTESIAN_POINT('',(1.64182790907665,-0.4,0.97833109179768));
#2170=CARTESIAN_POINT('',(1.75,-0.4,0.97833109179768));
#2171=CARTESIAN_POINT('',(1.75,-0.4,-5.7929821533481E-16));
#2172=CARTESIAN_POINT('',(1.75,-0.4,-5.7929821533481E-16));
#2173=CARTESIAN_POINT('',(1.75,-0.4,-5.7929821533481E-16));
#2174=CARTESIAN_POINT('',(0.95,-0.4,-6.7762635780344E-16));
#2175=CARTESIAN_POINT('',(0.95,-0.4,0.158279303025747));
#2176=CARTESIAN_POINT('',(0.95,-0.4,0.158279303025747));
#2177=CARTESIAN_POINT('',(1.64182790907665,-0.4,0.158279303025747));
#2178=CARTESIAN_POINT('',(1.64182790907665,-0.4,0.158279303025747));
#2179=CARTESIAN_POINT('',(1.64182790907665,-0.4,0.97833109179768));
#2180=CARTESIAN_POINT('',(1.64182790907665,-1.1,0.97833109179768));
#2181=CARTESIAN_POINT('',(1.66617926881869,-1.42,0.97833109179768));
#2182=CARTESIAN_POINT('',(1.75,-1.1,0.97833109179768));
#2183=CARTESIAN_POINT('',(1.75,-1.1,-5.7929821533481E-16));
#2184=CARTESIAN_POINT('',(1.75,-1.1,-5.7929821533481E-16));
#2185=CARTESIAN_POINT('',(1.75,-1.1,-5.7929821533481E-16));
#2186=CARTESIAN_POINT('',(0.95,-1.1,-6.7762635780344E-16));
#2187=CARTESIAN_POINT('',(0.95,-1.1,0.158279303025747));
#2188=CARTESIAN_POINT('',(0.95,-1.1,0.158279303025747));
#2189=CARTESIAN_POINT('',(1.64182790907665,-1.1,0.158279303025747));
#2190=CARTESIAN_POINT('',(1.64182790907665,-1.1,0.158279303025747));
#2191=CARTESIAN_POINT('',(1.64182790907665,-1.1,0.97833109179768));
#2192=CARTESIAN_POINT('',(1.64182790907665,-2.17,0.858487538446735));
#2193=CARTESIAN_POINT('',(1.66617926881869,-1.42,0.97833109179768));
#2194=CARTESIAN_POINT('',(1.66617926881869,-1.42,0.97833109179768));
#2195=CARTESIAN_POINT('',(1.66617926881869,-1.42,0.97833109179768));
#2196=CARTESIAN_POINT('',(1.66617926881869,-1.42,0.97833109179768));
#2197=CARTESIAN_POINT('',(1.50928638192735,-1.42,0.206193467462482));
#2198=CARTESIAN_POINT('',(1.50928638192735,-1.42,0.206193467462482));
#2199=CARTESIAN_POINT('',(1.50928638192735,1.42,0.206193467462482));
#2200=CARTESIAN_POINT('',(1.66617926881869,1.42,0.97833109179768));
#2201=CARTESIAN_POINT('',(1.66617926881869,1.42,0.97833109179768));
#2202=CARTESIAN_POINT('',(1.66617926881869,-1.42,0.97833109179768));
#2203=CARTESIAN_POINT('',(1.66617926881869,1.1,0.97833109179768));
#2204=CARTESIAN_POINT('',(1.66617926881869,1.1,0.97833109179768));
#2205=CARTESIAN_POINT('',(1.64182790907665,1.1,0.858487538446735));
#2206=CARTESIAN_POINT('',(1.64182790907665,-0.67,0.858487538446735));
#2207=CARTESIAN_POINT('',(1.64182790907665,0.4,0.858487538446735));
#2208=CARTESIAN_POINT('',(1.66617926881869,0.4,0.97833109179768));
#2209=CARTESIAN_POINT('',(1.66617926881869,0.4,0.97833109179768));
#2210=CARTESIAN_POINT('',(1.66617926881869,-1.42,0.97833109179768));
#2211=CARTESIAN_POINT('',(0.,1.1,0.));
#2212=CARTESIAN_POINT('',(1.64182790907665,1.1,0.97833109179768));
#2213=CARTESIAN_POINT('',(1.75,1.1,0.97833109179768));
#2214=CARTESIAN_POINT('',(1.75,1.1,-5.7929821533481E-16));
#2215=CARTESIAN_POINT('',(1.75,1.1,-5.7929821533481E-16));
#2216=CARTESIAN_POINT('',(1.75,1.1,-5.7929821533481E-16));
#2217=CARTESIAN_POINT('',(0.95,1.1,-6.7762635780344E-16));
#2218=CARTESIAN_POINT('',(0.95,1.1,0.158279303025747));
#2219=CARTESIAN_POINT('',(0.95,1.1,0.158279303025747));
#2220=CARTESIAN_POINT('',(1.64182790907665,1.1,0.158279303025747));
#2221=CARTESIAN_POINT('',(1.64182790907665,1.1,0.158279303025747));
#2222=CARTESIAN_POINT('',(1.64182790907665,1.1,0.97833109179768));
#2223=CARTESIAN_POINT('',(1.75,0.4,-5.7929821533481E-16));
#2224=CARTESIAN_POINT('',(1.75,0.4,0.97833109179768));
#2225=CARTESIAN_POINT('',(1.75,0.4,0.97833109179768));
#2226=CARTESIAN_POINT('',(1.75,0.4,-5.7929821533481E-16));
#2227=CARTESIAN_POINT('',(1.75,0.4,-5.7929821533481E-16));
#2228=CARTESIAN_POINT('',(1.75,0.4,-5.7929821533481E-16));
#2229=CARTESIAN_POINT('',(1.75,0.4,-5.7929821533481E-16));
#2230=CARTESIAN_POINT('',(1.75,0.4,-5.7929821533481E-16));
#2231=CARTESIAN_POINT('',(0.95,0.4,-6.7762635780344E-16));
#2232=CARTESIAN_POINT('',(0.95,0.4,-6.7762635780344E-16));
#2233=CARTESIAN_POINT('',(0.95,0.4,0.158279303025747));
#2234=CARTESIAN_POINT('',(0.95,0.4,0.158279303025747));
#2235=CARTESIAN_POINT('',(0.95,0.4,0.158279303025747));
#2236=CARTESIAN_POINT('',(0.95,0.4,0.158279303025747));
#2237=CARTESIAN_POINT('',(1.64182790907665,0.4,0.158279303025747));
#2238=CARTESIAN_POINT('',(1.64182790907665,0.4,0.158279303025747));
#2239=CARTESIAN_POINT('',(1.64182790907665,0.4,0.158279303025747));
#2240=CARTESIAN_POINT('',(1.64182790907665,0.4,0.158279303025747));
#2241=CARTESIAN_POINT('',(1.64182790907665,0.4,0.97833109179768));
#2242=CARTESIAN_POINT('',(1.64182790907665,0.4,0.97833109179768));
#2243=CARTESIAN_POINT('',(1.64182790907665,0.4,0.97833109179768));
#2244=CARTESIAN_POINT('',(1.66617926881869,-1.42,0.97833109179768));
#2245=CARTESIAN_POINT('',(1.64182790907665,0.4,0.97833109179768));
#2246=CARTESIAN_POINT('',(0.,0.4,0.));
#2247=CARTESIAN_POINT('',(0.,1.1,0.));
#2248=CARTESIAN_POINT('',(-1.66617926881869,1.1,0.97833109179768));
#2249=CARTESIAN_POINT('',(-1.64182790907665,1.1,0.858487538446733));
#2250=CARTESIAN_POINT('',(-1.66617926881869,1.1,0.97833109179768));
#2251=CARTESIAN_POINT('',(-1.64182790907665,1.1,0.97833109179768));
#2252=CARTESIAN_POINT('',(-1.64182790907665,1.1,0.158279303025747));
#2253=CARTESIAN_POINT('',(-1.64182790907665,1.1,0.158279303025747));
#2254=CARTESIAN_POINT('',(-0.95,1.1,0.158279303025747));
#2255=CARTESIAN_POINT('',(-0.95,1.1,0.158279303025747));
#2256=CARTESIAN_POINT('',(-0.95,1.1,-1.62630325872826E-16));
#2257=CARTESIAN_POINT('',(-0.95,1.1,-1.62630325872826E-16));
#2258=CARTESIAN_POINT('',(-1.75,1.1,-1.00792459503638E-15));
#2259=CARTESIAN_POINT('',(-1.75,1.1,-1.00792459503638E-15));
#2260=CARTESIAN_POINT('',(-1.75,1.1,0.97833109179768));
#2261=CARTESIAN_POINT('',(-1.66617926881869,1.1,0.97833109179768));
#2262=CARTESIAN_POINT('',(-1.64182790907665,0.4,0.158279303025747));
#2263=CARTESIAN_POINT('',(-1.64182790907665,0.4,0.158279303025747));
#2264=CARTESIAN_POINT('',(-1.64182790907665,0.4,0.158279303025747));
#2265=CARTESIAN_POINT('',(-1.64182790907665,0.4,0.158279303025747));
#2266=CARTESIAN_POINT('',(-0.95,0.4,0.158279303025747));
#2267=CARTESIAN_POINT('',(-0.95,0.4,0.158279303025747));
#2268=CARTESIAN_POINT('',(-0.95,0.4,0.158279303025747));
#2269=CARTESIAN_POINT('',(-0.95,0.4,0.158279303025747));
#2270=CARTESIAN_POINT('',(-0.95,0.4,-1.62630325872826E-16));
#2271=CARTESIAN_POINT('',(-0.95,0.4,-1.62630325872826E-16));
#2272=CARTESIAN_POINT('',(-0.95,0.4,-1.62630325872826E-16));
#2273=CARTESIAN_POINT('',(-0.95,0.4,-1.62630325872826E-16));
#2274=CARTESIAN_POINT('',(-1.75,0.4,-1.00792459503638E-15));
#2275=CARTESIAN_POINT('',(-1.75,0.4,-1.00792459503638E-15));
#2276=CARTESIAN_POINT('',(-1.75,0.4,-1.00792459503638E-15));
#2277=CARTESIAN_POINT('',(-1.75,0.4,-1.00792459503638E-15));
#2278=CARTESIAN_POINT('',(-1.75,0.4,0.97833109179768));
#2279=CARTESIAN_POINT('',(-1.75,0.4,0.97833109179768));
#2280=CARTESIAN_POINT('',(-1.66617926881869,0.4,0.97833109179768));
#2281=CARTESIAN_POINT('',(-1.66617926881869,-1.42,0.97833109179768));
#2282=CARTESIAN_POINT('',(-1.66617926881869,0.4,0.97833109179768));
#2283=CARTESIAN_POINT('',(-1.75,0.4,0.97833109179768));
#2284=CARTESIAN_POINT('',(-1.64182790907665,0.4,0.97833109179768));
#2285=CARTESIAN_POINT('',(-1.64182790907665,-0.67,0.858487538446733));
#2286=CARTESIAN_POINT('',(-1.64182790907665,0.4,0.858487538446733));
#2287=CARTESIAN_POINT('',(-1.64182790907665,0.4,0.97833109179768));
#2288=CARTESIAN_POINT('',(0.,0.4,0.));
#2289=CARTESIAN_POINT('',(-1.66617926881869,0.4,0.97833109179768));
#2290=CARTESIAN_POINT('',(-1.66617926881869,-1.42,0.97833109179768));
#2291=CARTESIAN_POINT('',(-1.66617926881869,-1.42,0.97833109179768));
#2292=CARTESIAN_POINT('',(-1.66617926881869,-1.42,0.97833109179768));
#2293=CARTESIAN_POINT('',(-1.66617926881869,1.42,0.97833109179768));
#2294=CARTESIAN_POINT('',(-1.66617926881869,1.42,0.97833109179768));
#2295=CARTESIAN_POINT('',(-1.50928638192735,1.42,0.206193467462482));
#2296=CARTESIAN_POINT('',(-1.50928638192735,-1.42,0.206193467462482));
#2297=CARTESIAN_POINT('',(-1.50928638192735,-1.42,0.206193467462482));
#2298=CARTESIAN_POINT('',(-1.66617926881869,-1.42,0.97833109179768));
#2299=CARTESIAN_POINT('',(-1.66617926881869,-1.42,0.97833109179768));
#2300=CARTESIAN_POINT('',(-1.66617926881869,-1.42,0.97833109179768));
#2301=CARTESIAN_POINT('',(1.66617926881869,-1.55,1.78005995956692));
#2302=CARTESIAN_POINT('',(1.66617926881869,-1.55,1.78005995956692));
#2303=CARTESIAN_POINT('',(1.66617926881869,1.42,1.78005995956692));
#2304=CARTESIAN_POINT('',(1.66617926881869,1.42,0.97833109179768));
#2305=CARTESIAN_POINT('',(1.66617926881869,1.42,1.92666944002257));
#2306=CARTESIAN_POINT('',(1.66617926881869,-1.55,1.92666944002257));
#2307=CARTESIAN_POINT('',(-1.66617926881869,-1.55,1.92666944002257));
#2308=CARTESIAN_POINT('',(1.66617926881869,1.42,1.92666944002257));
#2309=CARTESIAN_POINT('',(-1.66617926881869,1.42,1.92666944002257));
#2310=CARTESIAN_POINT('',(-1.66617926881869,-1.55,1.92666944002257));
#2311=CARTESIAN_POINT('',(-1.66617926881869,-1.55,1.78005995956692));
#2312=CARTESIAN_POINT('',(-1.66617926881869,1.42,1.92666944002257));
#2313=CARTESIAN_POINT('',(-1.66617926881869,1.42,1.78005995956692));
#2314=CARTESIAN_POINT('',(-1.66617926881869,-1.55,1.78005995956692));
#2315=CARTESIAN_POINT('',(1.8,-1.55,1.78005995956692));
#2316=CARTESIAN_POINT('',(1.8,-1.55,1.78005995956692));
#2317=CARTESIAN_POINT('',(1.66617926881869,-1.55,1.78005995956692));
#2318=CARTESIAN_POINT('',(1.66617926881869,-1.55,1.78005995956692));
#2319=CARTESIAN_POINT('',(1.66617926881869,-1.42,1.78005995956692));
#2320=CARTESIAN_POINT('',(1.66617926881869,-1.55,1.78005995956692));
#2321=CARTESIAN_POINT('',(1.66617926881869,-1.55,1.78005995956692));
#2322=CARTESIAN_POINT('',(1.66617926881869,-1.42,0.97833109179768));
#2323=CARTESIAN_POINT('',(1.66617926881869,-1.42,1.92666944002257));
#2324=CARTESIAN_POINT('',(1.66617926881869,-1.55,1.78005995956692));
#2325=CARTESIAN_POINT('',(1.66617926881869,-1.55,1.92666944002257));
#2326=CARTESIAN_POINT('',(1.66617926881869,-1.55,1.92666944002257));
#2327=CARTESIAN_POINT('',(-1.66617926881869,-1.55,1.92666944002257));
#2328=CARTESIAN_POINT('',(1.66617926881869,-1.42,1.92666944002257));
#2329=CARTESIAN_POINT('',(-1.66617926881869,-1.42,1.92666944002257));
#2330=CARTESIAN_POINT('',(1.66617926881869,-1.55,1.92666944002257));
#2331=CARTESIAN_POINT('',(-1.66617926881869,-1.55,1.92666944002257));
#2332=CARTESIAN_POINT('',(-1.66617926881869,-1.55,1.92666944002257));
#2333=CARTESIAN_POINT('',(-1.66617926881869,-1.55,1.78005995956692));
#2334=CARTESIAN_POINT('',(-1.66617926881869,-1.42,1.92666944002257));
#2335=CARTESIAN_POINT('',(-1.66617926881869,-1.42,1.78005995956692));
#2336=CARTESIAN_POINT('',(-1.66617926881869,-1.55,1.78005995956692));
#2337=CARTESIAN_POINT('',(-1.66617926881869,-1.55,1.78005995956692));
#2338=CARTESIAN_POINT('',(-1.66617926881869,-1.55,1.78005995956692));
#2339=CARTESIAN_POINT('',(-1.8,-1.55,1.78005995956692));
#2340=CARTESIAN_POINT('',(-1.66617926881869,-1.55,1.78005995956692));
#2341=CARTESIAN_POINT('',(-1.8,-1.55,1.78005995956692));
#2342=CARTESIAN_POINT('',(0.,-1.55,0.));
#2343=CARTESIAN_POINT('',(-1.8,-1.55,2.00450118722049));
#2344=CARTESIAN_POINT('',(-1.66617926881869,-1.42,1.92666944002257));
#2345=CARTESIAN_POINT('',(-1.66617926881869,-1.42,1.92666944002257));
#2346=CARTESIAN_POINT('',(-1.66617926881869,1.42,1.92666944002257));
#2347=CARTESIAN_POINT('',(1.66617926881869,-1.42,0.97833109179768));
#2348=CARTESIAN_POINT('',(1.66617926881869,-1.42,0.97833109179768));
#2349=CARTESIAN_POINT('',(1.66617926881869,1.42,0.97833109179768));
#2350=CARTESIAN_POINT('',(-1.50928638192735,-1.42,0.206193467462482));
#2351=CARTESIAN_POINT('',(-1.50928638192735,1.42,0.206193467462482));
#2352=CARTESIAN_POINT('',(-0.850451086036395,1.42,0.206193467462482));
#2353=CARTESIAN_POINT('',(-0.850451086036395,-1.42,0.206193467462482));
#2354=CARTESIAN_POINT('',(-0.850451086036395,-1.42,0.206193467462482));
#2355=CARTESIAN_POINT('',(-1.50928638192735,-1.42,0.206193467462482));
#2356=CARTESIAN_POINT('',(-0.850451086036395,-1.42,0.206193467462482));
#2357=CARTESIAN_POINT('',(-0.850451086036395,1.42,0.206193467462482));
#2358=CARTESIAN_POINT('',(-0.774945704237934,1.42,-7.04731412115578E-16));
#2359=CARTESIAN_POINT('',(-0.774945704237934,-1.42,-7.04731412115578E-16));
#2360=CARTESIAN_POINT('',(-0.774945704237934,-1.42,-7.04731412115578E-16));
#2361=CARTESIAN_POINT('',(-0.850451086036395,-1.42,0.206193467462482));
#2362=CARTESIAN_POINT('',(0.774945704237934,-1.42,-6.98707927564799E-16));
#2363=CARTESIAN_POINT('',(0.774945704237934,1.42,-6.98707927564799E-16));
#2364=CARTESIAN_POINT('',(0.774945704237934,1.42,-6.98707927564799E-16));
#2365=CARTESIAN_POINT('',(0.774945704237934,-1.42,-6.98707927564799E-16));
#2366=CARTESIAN_POINT('',(0.774945704237934,-1.42,-6.98707927564799E-16));
#2367=CARTESIAN_POINT('',(0.774945704237934,-1.42,-6.98707927564799E-16));
#2368=CARTESIAN_POINT('',(0.850451086036395,-1.42,0.206193467462482));
#2369=CARTESIAN_POINT('',(0.850451086036395,1.42,0.206193467462482));
#2370=CARTESIAN_POINT('',(0.850451086036395,1.42,0.206193467462482));
#2371=CARTESIAN_POINT('',(0.850451086036395,-1.42,0.206193467462482));
#2372=CARTESIAN_POINT('',(0.850451086036395,-1.42,0.206193467462482));
#2373=CARTESIAN_POINT('',(0.850451086036395,-1.42,0.206193467462482));
#2374=CARTESIAN_POINT('',(1.50928638192735,-1.42,0.206193467462482));
#2375=CARTESIAN_POINT('',(1.50928638192735,1.42,0.206193467462482));
#2376=CARTESIAN_POINT('',(1.50928638192735,-1.42,0.206193467462482));
#2377=CARTESIAN_POINT('',(0.,-1.42,0.));
#2378=CARTESIAN_POINT('',(0.,1.42,0.));
#2379=CARTESIAN_POINT('',(1.66617926881869,1.42,2.17983048630573));
#2380=CARTESIAN_POINT('',(1.66617926881869,-0.641211461433369,2.17983048630573));
#2381=CARTESIAN_POINT('',(1.66617926881869,-0.641211461433369,2.09216583676311));
#2382=CARTESIAN_POINT('',(1.66617926881869,-0.641211461433369,2.00450118722049));
#2383=CARTESIAN_POINT('',(1.66617926881869,1.42,2.00450118722049));
#2384=CARTESIAN_POINT('',(1.66617926881869,1.42,2.00450118722049));
#2385=CARTESIAN_POINT('',(1.66617926881869,1.42,2.17983048630573));
#2386=CARTESIAN_POINT('',(1.66617926881869,1.42,2.09216583676311));
#2387=CARTESIAN_POINT('',(1.66617926881869,-1.55,2.09216583676311));
#2388=CARTESIAN_POINT('',(-1.66617926881869,1.42,2.17983048630573));
#2389=CARTESIAN_POINT('',(-1.66617926881869,1.42,2.00450118722049));
#2390=CARTESIAN_POINT('',(-1.66617926881869,1.42,2.00450118722049));
#2391=CARTESIAN_POINT('',(-1.66617926881869,1.42,2.17983048630573));
#2392=CARTESIAN_POINT('',(-1.66617926881869,1.42,2.09216583676311));
#2393=CARTESIAN_POINT('',(-1.8,1.42,2.09216583676311));
#2394=CARTESIAN_POINT('',(-1.66617926881869,-1.42,2.17983048630573));
#2395=CARTESIAN_POINT('',(-1.66617926881869,-1.42,2.00450118722049));
#2396=CARTESIAN_POINT('',(-1.66617926881869,-1.42,2.00450118722049));
#2397=CARTESIAN_POINT('',(-1.66617926881869,-1.42,2.17983048630573));
#2398=CARTESIAN_POINT('',(-1.66617926881869,-1.42,2.09216583676311));
#2399=CARTESIAN_POINT('',(-1.66617926881869,-1.55,2.09216583676311));
#2400=CARTESIAN_POINT('',(0.838698801543305,-1.42,2.17983048630573));
#2401=CARTESIAN_POINT('',(0.838698801543305,-1.42,2.00450118722049));
#2402=CARTESIAN_POINT('',(0.838698801543305,-1.42,2.00450118722049));
#2403=CARTESIAN_POINT('',(0.838698801543305,-1.42,2.17983048630573));
#2404=CARTESIAN_POINT('',(0.838698801543305,-1.42,2.09216583676311));
#2405=CARTESIAN_POINT('',(-1.8,-1.42,2.09216583676311));
#2406=CARTESIAN_POINT('',(1.66617926881869,-0.641211461433369,2.17983048630573));
#2407=CARTESIAN_POINT('',(1.66617926881869,-0.641211461433369,2.00450118722049));
#2408=CARTESIAN_POINT('',(-0.625446491498853,-2.79798971469624,2.09216583676311));
#2409=CARTESIAN_POINT('',(4.82952120429829E-16,0.,2.00450118722049));
#2410=CARTESIAN_POINT('',(-5.42101086242752E-17,0.,2.25700857086548));
#2411=CARTESIAN_POINT('',(-5.0779517957234E-17,0.,2.25700857086548));
#2412=CARTESIAN_POINT('',(1.31322179167915,0.,2.25700857086548));
#2413=CARTESIAN_POINT('',(-4.33680868994202E-16,0.,3.5));
#2414=CARTESIAN_POINT('',(1.31322179167915,0.,2.25700857086548));
#2415=CARTESIAN_POINT('',(-5.0779517957234E-17,0.,2.25700857086548));
#2416=CARTESIAN_POINT('',(1.28044619065579,0.,2.25700857086548));
#2417=CARTESIAN_POINT('',(4.33680868994202E-17,0.,1.95138242043943));
#2418=CARTESIAN_POINT('',(1.38426214752833E-31,0.,2.09216583676311));
#2419=CARTESIAN_POINT('',(1.28044619065579,0.,2.09216583676311));
#2420=CARTESIAN_POINT('',(-1.8,-1.55,2.09216583676311));
#2421=MECHANICAL_DESIGN_GEOMETRIC_PRESENTATION_REPRESENTATION('',(#1180,
#1181,#1182,#1183,#1184,#1185,#1186,#1187,#1188,#1189,#1190,#1191,#1192,
#1193,#1194,#1195,#1196,#1197,#1198,#1199,#1200,#1201,#1202,#1203,#1204,
#1205,#1206,#1207,#1208,#1209,#1210,#1211,#1212,#1213,#1214,#1215,#1216,
#1217,#1218,#1219,#1220,#1221,#1222,#1223,#1224,#1225,#1226,#1227,#1228,
#1229,#1230,#1231,#1232,#1233,#1234,#1235,#1236,#1237,#1238,#1239,#1240,
#1241,#1242,#1243,#1244),#2422);
#2422=(
GEOMETRIC_REPRESENTATION_CONTEXT(3)
GLOBAL_UNCERTAINTY_ASSIGNED_CONTEXT((#2423))
GLOBAL_UNIT_ASSIGNED_CONTEXT((#2426,#2425,#2424))
REPRESENTATION_CONTEXT('IN-P36ATEUW.56','TOP_LEVEL_ASSEMBLY_PART')
);
#2423=UNCERTAINTY_MEASURE_WITH_UNIT(LENGTH_MEASURE(0.005),#2426,
'DISTANCE_ACCURACY_VALUE','Maximum Tolerance applied to model');
#2424=(
NAMED_UNIT(*)
SI_UNIT($,.STERADIAN.)
SOLID_ANGLE_UNIT()
);
#2425=(
NAMED_UNIT(*)
PLANE_ANGLE_UNIT()
SI_UNIT($,.RADIAN.)
);
#2426=(
LENGTH_UNIT()
NAMED_UNIT(*)
SI_UNIT(.MILLI.,.METRE.)
);
#2427=PRODUCT_DEFINITION_SHAPE('','',#2428);
#2428=PRODUCT_DEFINITION('','',#2430,#2429);
#2429=PRODUCT_DEFINITION_CONTEXT('',#2436,'design');
#2430=PRODUCT_DEFINITION_FORMATION_WITH_SPECIFIED_SOURCE('','',#2432,
 .NOT_KNOWN.);
#2431=PRODUCT_RELATED_PRODUCT_CATEGORY('','',(#2432));
#2432=PRODUCT('IN-P36ATEUW.56','IN-P36ATEUW.56','IN-P36ATEUW.56',(#2434));
#2433=PRODUCT_CATEGORY('','');
#2434=PRODUCT_CONTEXT('',#2436,'mechanical');
#2435=APPLICATION_PROTOCOL_DEFINITION('international standard',
'automotive_design',2010,#2436);
#2436=APPLICATION_CONTEXT(
'core data for automotive mechanical design processes');
ENDSEC;
END-ISO-10303-21;
